Workbook

Sheet 2026
A1: DATA TENDIK FAKULTAS KEDOKTERAN UNPAD
A2: =TODAY() -> 46232 | C2: 2 | D2: 3 | E2: 7 | F2: 8 | G2: 9 | H2: 10 | I2: 11 | J2: 12 | K2: 13 | L2: 14 | M2: 24 | N2: 25 | O2: 26 | P2: 27 | Q2: 28 | R2: 29 | S2: 30 | T2: 31 | U2: 32 | V2: 33
A3: NO | B3: NIP | C3: NAMA | D3: STATUS | E3: JABATAN FUNGSIONAL | F3: TYPE | G3: TMT CPNS | H3: PANGKAT | I3: GOL. | J3: TMT PANGKAT | K3: MASA KERJA SK PANGKAT | L3: MASA KERJA PANGKAT | M3: JENIS KELAMIN | N3: TEMPAT TANGGAL LAHIR | O3: TANGGAL LAHIR | P3: NIK | Q3: NPWP | R3: USIA | U3: MASA KERJA | V3: PENSIUN
A4: 1 | B4: 197303192016023001 | C4: A. Wahyu, A.Md | D4: Non PNS | E4: Pengadministrasi Kepegawaian | F4: JF-NPNS | G4: 42401 | H4: =VLOOKUP(I4,Sheet1!$A$4:$B$20,2,0) -> Pengatur Tk. I (Gol. II/d) | I4: II/d | J4: 45566 | K4: 12 tahun 7 bulan | L4: =DATEDIF(J4,$A$2,"Y")&" tahun, "&DATEDIF(J4,$A$2,"YM")&" bulan" -> 1 tahun, 9 bulan | M4: Laki-Laki | N4: Bandung | O4: 26742 | P4: 3273111903730003 | Q4: 581507449424000 | R4: =DATEDIF(O4,$A$2,"Y")&" tahun" -> 53 tahun | S4: =DATEDIF(O4,$A$2,"YM")&" bulan" -> 4 bulan | T4: =DATEDIF(O4,$A$2,"MD")&" hari" -> 10 hari | U4: =DATEDIF(G4,$A$2,"Y")&" tahun, "&DATEDIF(G4,$A$2,"Ym")&" bulan" -> 10 tahun, 5 bulan | V4: =DATE(YEAR(O4)+58,MONTH(O4)+1,1) -> 47939
A5: 2 | B5: 197005112007011002 | C5: Aceng Nana, S.AP | D5: PNS | E5: Pustakawan Ahli Muda | F5: JFT | G5: 39083 | H5: =VLOOKUP(I5,Sheet1!$A$4:$B$20,2,0) -> Penata (Gol. III/c) | I5: III/c | J5: 46113 | K5: 26 tahun 0 bulan | L5: =DATEDIF(J5,$A$2,"Y")&" tahun, "&DATEDIF(J5,$A$2,"YM")&" bulan" -> 0 tahun, 3 bulan | M5: Laki-Laki | N5: Sumedang | O5: 25699 | P5: 3211151105700019 | Q5: 349332189446000 | R5: =DATEDIF(O5,$A$2,"Y")&" tahun" -> 56 tahun | S5: =DATEDIF(O5,$A$2,"YM")&" bulan" -> 2 bulan | T5: =DATEDIF(O5,$A$2,"MD")&" hari" -> 18 hari | U5: =DATEDIF(G5,$A$2,"Y")&" tahun, "&DATEDIF(G5,$A$2,"Ym")&" bulan" -> 19 tahun, 6 bulan | V5: =DATE(YEAR(O5)+58,MONTH(O5)+1,1) -> 46905
A6: 3 | B6: 197206302014091003 | C6: Achmad Qomarudin Shaleh | D6: PNS | E6: Pengadministrasi Keuangan | F6: JF | G6: 41883 | H6: =VLOOKUP(I6,Sheet1!$A$4:$B$20,2,0) -> Pengatur (Gol. II/c) | I6: II/c | J6: 44835 | K6: 18 tahun 6 bulan | L6: =DATEDIF(J6,$A$2,"Y")&" tahun, "&DATEDIF(J6,$A$2,"YM")&" bulan" -> 3 tahun, 9 bulan | M6: Laki-Laki | N6: Bandung | O6: 26480 | P6: 3273043006720001 | Q6: 970333753422000 | R6: =DATEDIF(O6,$A$2,"Y")&" tahun" -> 54 tahun | S6: =DATEDIF(O6,$A$2,"YM")&" bulan" -> 0 bulan | T6: =DATEDIF(O6,$A$2,"MD")&" hari" -> 29 hari | U6: =DATEDIF(G6,$A$2,"Y")&" tahun, "&DATEDIF(G6,$A$2,"Ym")&" bulan" -> 11 tahun, 10 bulan | V6: =DATE(YEAR(O6)+58,MONTH(O6)+1,1) -> 47665
A7: 4 | B7: 197212112007011001 | C7: Adang Junaedi | D7: PNS | E7: Pengemudi | F7: JF | G7: 39083 | H7: =VLOOKUP(I7,Sheet1!$A$4:$B$20,2,0) -> Pengatur Tk. I (Gol. II/d) | I7: II/d | J7: 45017 | L7: =DATEDIF(J7,$A$2,"Y")&" tahun, "&DATEDIF(J7,$A$2,"YM")&" bulan" -> 3 tahun, 3 bulan | M7: Laki-Laki | N7: Kadipaten | O7: 26644 | P7: 3211111112720006 | Q7: 586241630446000 | R7: =DATEDIF(O7,$A$2,"Y")&" tahun" -> 53 tahun | S7: =DATEDIF(O7,$A$2,"YM")&" bulan" -> 7 bulan | T7: =DATEDIF(O7,$A$2,"MD")&" hari" -> 18 hari | U7: =DATEDIF(G7,$A$2,"Y")&" tahun, "&DATEDIF(G7,$A$2,"Ym")&" bulan" -> 19 tahun, 6 bulan | V7: =DATE(YEAR(O7)+58,MONTH(O7)+1,1) -> 47849
A8: 5 | B8: 197309052007101001 | C8: Ade Komarudin, S.E | D8: PNS | E8: Pengadministrasi Akademik | F8: JF | G8: 39356 | H8: =VLOOKUP(I8,Sheet1!$A$4:$B$20,2,0) -> Penata Muda Tk.I (Gol. III/b) | I8: III/b | J8: 45748 | K8: 19 tahun 3 bulan | L8: =DATEDIF(J8,$A$2,"Y")&" tahun, "&DATEDIF(J8,$A$2,"YM")&" bulan" -> 1 tahun, 3 bulan | M8: Laki-Laki | N8: Bandung | O8: 26912 | P8: 3277010509730023 | Q8: 269697777421000 | R8: =DATEDIF(O8,$A$2,"Y")&" tahun" -> 52 tahun | S8: =DATEDIF(O8,$A$2,"YM")&" bulan" -> 10 bulan | T8: =DATEDIF(O8,$A$2,"MD")&" hari" -> 24 hari | U8: =DATEDIF(G8,$A$2,"Y")&" tahun, "&DATEDIF(G8,$A$2,"Ym")&" bulan" -> 18 tahun, 9 bulan | V8: =DATE(YEAR(O8)+58,MONTH(O8)+1,1) -> 48122
A9: 6 | B9: 197612122008101001 | C9: Ade Taryat | D9: PNS | E9: Pengadministrasi Akademik | F9: JF | G9: 39722 | H9: =VLOOKUP(I9,Sheet1!$A$4:$B$20,2,0) -> Penata Muda (Gol. III/a) | I9: III/a | J9: 45566 | K9: 19 tahun 6 bulan | L9: =DATEDIF(J9,$A$2,"Y")&" tahun, "&DATEDIF(J9,$A$2,"YM")&" bulan" -> 1 tahun, 9 bulan | M9: Laki-Laki | N9: Bandung | O9: 28106 | P9: 3273301212760002 | Q9: 586241622429000 | R9: =DATEDIF(O9,$A$2,"Y")&" tahun" -> 49 tahun | S9: =DATEDIF(O9,$A$2,"YM")&" bulan" -> 7 bulan | T9: =DATEDIF(O9,$A$2,"MD")&" hari" -> 17 hari | U9: =DATEDIF(G9,$A$2,"Y")&" tahun, "&DATEDIF(G9,$A$2,"Ym")&" bulan" -> 17 tahun, 9 bulan | V9: =DATE(YEAR(O9)+58,MONTH(O9)+1,1) -> 49310
A10: 7 | B10: 198509182016023001 | C10: Adhi Taufiq Akbar, S.T | D10: Non PNS | E10: Teknisi Terampil | F10: JF-NPNS | G10: 42401 | H10: =VLOOKUP(I10,Sheet1!$A$4:$B$20,2,0) -> Penata Muda Tk.I (Gol. III/b) | I10: III/b | J10: 45200 | L10: =DATEDIF(J10,$A$2,"Y")&" tahun, "&DATEDIF(J10,$A$2,"YM")&" bulan" -> 2 tahun, 9 bulan | M10: Laki-Laki | N10: Bandung | O10: 31308 | P10: 3273261809850001 | Q10: 461600082429000 | R10: =DATEDIF(O10,$A$2,"Y")&" tahun" -> 40 tahun | S10: =DATEDIF(O10,$A$2,"YM")&" bulan" -> 10 bulan | T10: =DATEDIF(O10,$A$2,"MD")&" hari" -> 11 hari | U10: =DATEDIF(G10,$A$2,"Y")&" tahun, "&DATEDIF(G10,$A$2,"Ym")&" bulan" -> 10 tahun, 5 bulan | V10: =DATE(YEAR(O10)+58,MONTH(O10)+1,1) -> 52505
A11: 8 | B11: 197908022007101001 | C11: Adi Supriadi | D11: PNS | E11: Teknisi Pelaksana | F11: JF | G11: 39356 | H11: =VLOOKUP(I11,Sheet1!$A$4:$B$20,2,0) -> Pengatur (Gol. II/c) | I11: II/c | J11: 45444 | L11: =DATEDIF(J11,$A$2,"Y")&" tahun, "&DATEDIF(J11,$A$2,"YM")&" bulan" -> 2 tahun, 1 bulan | M11: Laki-Laki | N11: Sumedang | O11: 29069 | P11: 3204050208790012 | Q11: 349262501446000 | R11: =DATEDIF(O11,$A$2,"Y")&" tahun" -> 46 tahun | S11: =DATEDIF(O11,$A$2,"YM")&" bulan" -> 11 bulan | T11: =DATEDIF(O11,$A$2,"MD")&" hari" -> 27 hari | U11: =DATEDIF(G11,$A$2,"Y")&" tahun, "&DATEDIF(G11,$A$2,"Ym")&" bulan" -> 18 tahun, 9 bulan | V11: =DATE(YEAR(O11)+58,MONTH(O11)+1,1) -> 50284
A12: 9 | B12: 198403272016023001 | C12: Adimyati | D12: Non PNS | E12: Pengadministrasi Akademik | F12: JF-NPNS | G12: 42401 | H12: =VLOOKUP(I12,Sheet1!$A$4:$B$20,2,0) -> Pengatur (Gol. II/c) | I12: II/c | J12: 45748 | K12: 15 tahun 0 bulan | L12: =DATEDIF(J12,$A$2,"Y")&" tahun, "&DATEDIF(J12,$A$2,"YM")&" bulan" -> 1 tahun, 3 bulan | M12: Laki-Laki | N12: Sumedang | O12: 30768 | P12: 3211112703840006 | Q12: 358358349446000 | R12: =DATEDIF(O12,$A$2,"Y")&" tahun" -> 42 tahun | S12: =DATEDIF(O12,$A$2,"YM")&" bulan" -> 4 bulan | T12: =DATEDIF(O12,$A$2,"MD")&" hari" -> 2 hari | U12: =DATEDIF(G12,$A$2,"Y")&" tahun, "&DATEDIF(G12,$A$2,"Ym")&" bulan" -> 10 tahun, 5 bulan | V12: =DATE(YEAR(O12)+58,MONTH(O12)+1,1) -> 51957
A13: 10 | B13: 197802232016023001 | C13: Ading | D13: Non PNS | E13: Pengadministrasi Akademik | F13: JF-NPNS | G13: 42401 | H13: =VLOOKUP(I13,Sheet1!$A$4:$B$20,2,0) -> Pengatur Muda Tk. I (Gol. II/b) | I13: II/b | J13: 44835 | L13: =DATEDIF(J13,$A$2,"Y")&" tahun, "&DATEDIF(J13,$A$2,"YM")&" bulan" -> 3 tahun, 9 bulan | M13: Laki-Laki | N13: Sumedang | O13: 28544 | P13: 3211152302780004 | Q13: 770124121446000 | R13: =DATEDIF(O13,$A$2,"Y")&" tahun" -> 48 tahun | S13: =DATEDIF(O13,$A$2,"YM")&" bulan" -> 5 bulan | T13: =DATEDIF(O13,$A$2,"MD")&" hari" -> 6 hari | U13: =DATEDIF(G13,$A$2,"Y")&" tahun, "&DATEDIF(G13,$A$2,"Ym")&" bulan" -> 10 tahun, 5 bulan | V13: =DATE(YEAR(O13)+58,MONTH(O13)+1,1) -> 49735
A14: 11 | B14: 197507192019063001 | C14: Aep Hidayat | D14: Non PNS | E14: Pramu | F14: JF-NPNS | G14: 43617 | H14: =VLOOKUP(I14,Sheet1!$A$4:$B$20,2,0) -> Pengatur (Gol. II/c) | I14: II/c | J14: 45748 | K14: 5 tahun 10 bulan | L14: =DATEDIF(J14,$A$2,"Y")&" tahun, "&DATEDIF(J14,$A$2,"YM")&" bulan" -> 1 tahun, 3 bulan | M14: Laki-Laki | N14: Bandung | O14: 27594 | P14: 3217061907750011 | Q14: 358472132421000 | R14: =DATEDIF(O14,$A$2,"Y")&" tahun" -> 51 tahun | S14: =DATEDIF(O14,$A$2,"YM")&" bulan" -> 0 bulan | T14: =DATEDIF(O14,$A$2,"MD")&" hari" -> 10 hari | U14: =DATEDIF(G14,$A$2,"Y")&" tahun, "&DATEDIF(G14,$A$2,"Ym")&" bulan" -> 7 tahun, 1 bulan | V14: =DATE(YEAR(O14)+58,MONTH(O14)+1,1) -> 48792
A15: 12 | B15: 197708292009101001 | C15: Agus Saepul | D15: PNS | E15: Teknisi Pelaksana | F15: JF | G15: 40087 | H15: =VLOOKUP(I15,Sheet1!$A$4:$B$20,2,0) -> Penata Muda (Gol. III/a) | I15: III/a | J15: 45931 | K15: 18 tahun 8 bulan | L15: =DATEDIF(J15,$A$2,"Y")&" tahun, "&DATEDIF(J15,$A$2,"YM")&" bulan" -> 0 tahun, 9 bulan | M15: Laki-Laki | N15: Bandung | O15: 28366 | P15: 3273072908770004 | Q15: 880437215428000 | R15: =DATEDIF(O15,$A$2,"Y")&" tahun" -> 48 tahun | S15: =DATEDIF(O15,$A$2,"YM")&" bulan" -> 11 bulan | T15: =DATEDIF(O15,$A$2,"MD")&" hari" -> 0 hari | U15: =DATEDIF(G15,$A$2,"Y")&" tahun, "&DATEDIF(G15,$A$2,"Ym")&" bulan" -> 16 tahun, 9 bulan | V15: =DATE(YEAR(O15)+58,MONTH(O15)+1,1) -> 49553
A16: 13 | B16: 197705262016023001 | C16: Agus Sukarsah | D16: Non PNS | E16: Pengadministrasi Sarana dan Prasarana | F16: JF-NPNS | G16: 42401 | H16: =VLOOKUP(I16,Sheet1!$A$4:$B$20,2,0) -> Pengatur (Gol. II/c) | I16: II/c | J16: 45748 | K16: 12 tahun 2 bulan | L16: =DATEDIF(J16,$A$2,"Y")&" tahun, "&DATEDIF(J16,$A$2,"YM")&" bulan" -> 1 tahun, 3 bulan | M16: Laki-Laki | N16: Sumedang | O16: 28271 | P16: 3206362605770001 | Q16: 701397507425000 | R16: =DATEDIF(O16,$A$2,"Y")&" tahun" -> 49 tahun | S16: =DATEDIF(O16,$A$2,"YM")&" bulan" -> 2 bulan | T16: =DATEDIF(O16,$A$2,"MD")&" hari" -> 3 hari | U16: =DATEDIF(G16,$A$2,"Y")&" tahun, "&DATEDIF(G16,$A$2,"Ym")&" bulan" -> 10 tahun, 5 bulan | V16: =DATE(YEAR(O16)+58,MONTH(O16)+1,1) -> 49461
A17: 14 | B17: 198508022009101001 | C17: Agus Supriatna, S.Sos. | D17: PNS | E17: Pengadministrasi Akademik | F17: JF | G17: 40087 | H17: =VLOOKUP(I17,Sheet1!$A$4:$B$20,2,0) -> Penata (Gol. III/c) | I17: III/c | J17: 45383 | K17: 15 tahun 3 bulan | L17: =DATEDIF(J17,$A$2,"Y")&" tahun, "&DATEDIF(J17,$A$2,"YM")&" bulan" -> 2 tahun, 3 bulan | M17: Laki-Laki | N17: Bandung | O17: 31261 | P17: 3273010208850001 | Q17: 842934770429000 | R17: =DATEDIF(O17,$A$2,"Y")&" tahun" -> 40 tahun | S17: =DATEDIF(O17,$A$2,"YM")&" bulan" -> 11 bulan | T17: =DATEDIF(O17,$A$2,"MD")&" hari" -> 27 hari | U17: =DATEDIF(G17,$A$2,"Y")&" tahun, "&DATEDIF(G17,$A$2,"Ym")&" bulan" -> 16 tahun, 9 bulan | V17: =DATE(YEAR(O17)+58,MONTH(O17)+1,1) -> 52475
A18: 15 | B18: 197903252014091001 | C18: Ahdiat Kurniawan | D18: PNS | E18: Pengadministrasi Sarana dan Prasarana | F18: JF | G18: 41883 | H18: =VLOOKUP(I18,Sheet1!$A$4:$B$20,2,0) -> Pengatur (Gol. II/c) | I18: II/c | J18: 44835 | L18: =DATEDIF(J18,$A$2,"Y")&" tahun, "&DATEDIF(J18,$A$2,"YM")&" bulan" -> 3 tahun, 9 bulan | M18: Laki-Laki | N18: Sumedang | O18: 28939 | P18: 3211152503790001 | Q18: 358458123446000 | R18: =DATEDIF(O18,$A$2,"Y")&" tahun" -> 47 tahun | S18: =DATEDIF(O18,$A$2,"YM")&" bulan" -> 4 bulan | T18: =DATEDIF(O18,$A$2,"MD")&" hari" -> 4 hari | U18: =DATEDIF(G18,$A$2,"Y")&" tahun, "&DATEDIF(G18,$A$2,"Ym")&" bulan" -> 11 tahun, 10 bulan | V18: =DATE(YEAR(O18)+58,MONTH(O18)+1,1) -> 50131
A19: 16 | B19: 197610082007011001 | C19: Ahmad | D19: PNS | E19: Pengelola Pengadaan Barang dan Jasa | F19: JF | G19: 39083 | H19: =VLOOKUP(I19,Sheet1!$A$4:$B$20,2,0) -> Penata Muda (Gol. III/a) | I19: III/a | J19: 45017 | L19: =DATEDIF(J19,$A$2,"Y")&" tahun, "&DATEDIF(J19,$A$2,"YM")&" bulan" -> 3 tahun, 3 bulan | M19: Laki-Laki | N19: Bandung | O19: 28041 | P19: 3204280810760003 | Q19: 352333272444000 | R19: =DATEDIF(O19,$A$2,"Y")&" tahun" -> 49 tahun | S19: =DATEDIF(O19,$A$2,"YM")&" bulan" -> 9 bulan | T19: =DATEDIF(O19,$A$2,"MD")&" hari" -> 21 hari | U19: =DATEDIF(G19,$A$2,"Y")&" tahun, "&DATEDIF(G19,$A$2,"Ym")&" bulan" -> 19 tahun, 6 bulan | V19: =DATE(YEAR(O19)+58,MONTH(O19)+1,1) -> 49249
A20: 17 | B20: 197708202016023001 | C20: Ajat Sudrajat, S.E | D20: Non PNS | E20: Pengelola Kepegawaian | F20: JF-NPNS | G20: 42401 | H20: =VLOOKUP(I20,Sheet1!$A$4:$B$20,2,0) -> Penata Muda Tk.I (Gol. III/b) | I20: III/b | J20: 45017 | L20: =DATEDIF(J20,$A$2,"Y")&" tahun, "&DATEDIF(J20,$A$2,"YM")&" bulan" -> 3 tahun, 3 bulan | M20: Laki-Laki | N20: Kuningan | O20: 28357 | P20: 3273222008770003 | Q20: 358325538429000 | R20: =DATEDIF(O20,$A$2,"Y")&" tahun" -> 48 tahun | S20: =DATEDIF(O20,$A$2,"YM")&" bulan" -> 11 bulan | T20: =DATEDIF(O20,$A$2,"MD")&" hari" -> 9 hari | U20: =DATEDIF(G20,$A$2,"Y")&" tahun, "&DATEDIF(G20,$A$2,"Ym")&" bulan" -> 10 tahun, 5 bulan | V20: =DATE(YEAR(O20)+58,MONTH(O20)+1,1) -> 49553
A21: 18 | B21: 197601012014091003 | C21: Akin Mutakin, A.MK | D21: PNS | E21: Pranata Laboratorium Pendidikan Terampil | F21: JFT | G21: 41883 | H21: =VLOOKUP(I21,Sheet1!$A$4:$B$20,2,0) -> Pengatur Tk. I (Gol. II/d) | I21: II/d | J21: 45627 | L21: =DATEDIF(J21,$A$2,"Y")&" tahun, "&DATEDIF(J21,$A$2,"YM")&" bulan" -> 1 tahun, 7 bulan | M21: Laki-Laki | N21: Tasikmalaya | O21: 27760 | P21: 3204330101760181 | Q21: 358818656444000 | R21: =DATEDIF(O21,$A$2,"Y")&" tahun" -> 50 tahun | S21: =DATEDIF(O21,$A$2,"YM")&" bulan" -> 6 bulan | T21: =DATEDIF(O21,$A$2,"MD")&" hari" -> 28 hari | U21: =DATEDIF(G21,$A$2,"Y")&" tahun, "&DATEDIF(G21,$A$2,"Ym")&" bulan" -> 11 tahun, 10 bulan | V21: =DATE(YEAR(O21)+58,MONTH(O21)+1,1) -> 48976
A22: 19 | B22: 196905181999031001 | C22: Amas Sutardi, A.Md. | D22: PNS | E22: Arsiparis Mahir | F22: JFT | G22: 36220 | H22: =VLOOKUP(I22,Sheet1!$A$4:$B$20,2,0) -> Penata Muda (Gol. III/a) | I22: III/a | J22: 42095 | L22: =DATEDIF(J22,$A$2,"Y")&" tahun, "&DATEDIF(J22,$A$2,"YM")&" bulan" -> 11 tahun, 3 bulan | M22: Laki-Laki | N22: Bandung | O22: 25341 | P22: 3211111805690001 | Q22: 349289355446000 | R22: =DATEDIF(O22,$A$2,"Y")&" tahun" -> 57 tahun | S22: =DATEDIF(O22,$A$2,"YM")&" bulan" -> 2 bulan | T22: =DATEDIF(O22,$A$2,"MD")&" hari" -> 11 hari | U22: =DATEDIF(G22,$A$2,"Y")&" tahun, "&DATEDIF(G22,$A$2,"Ym")&" bulan" -> 27 tahun, 4 bulan | V22: =DATE(YEAR(O22)+58,MONTH(O22)+1,1) -> 46539
A23: 20 | B23: 198009302014091002 | C23: Andi Darmawan, A.Md | D23: PNS | E23: Arsiparis Terampil | F23: JFT | G23: 41883 | H23: =VLOOKUP(I23,Sheet1!$A$4:$B$20,2,0) -> Pengatur Tk. I (Gol. II/d) | I23: II/d | J23: 43374 | L23: =DATEDIF(J23,$A$2,"Y")&" tahun, "&DATEDIF(J23,$A$2,"YM")&" bulan" -> 7 tahun, 9 bulan | M23: Laki-Laki | N23: Bandung | O23: 29494 | P23: 3273053009800002 | Q23: 358589224444000 | R23: =DATEDIF(O23,$A$2,"Y")&" tahun" -> 45 tahun | S23: =DATEDIF(O23,$A$2,"YM")&" bulan" -> 9 bulan | T23: =DATEDIF(O23,$A$2,"MD")&" hari" -> 29 hari | U23: =DATEDIF(G23,$A$2,"Y")&" tahun, "&DATEDIF(G23,$A$2,"Ym")&" bulan" -> 11 tahun, 10 bulan | V23: =DATE(YEAR(O23)+58,MONTH(O23)+1,1) -> 50679
A24: 21 | B24: 197708292016024001 | C24: Anggreani Selyafitri, SE.Ak | D24: Non PNS | E24: Pengadministrasi Kepegawaian | F24: JF-NPNS | G24: 42401 | H24: =VLOOKUP(I24,Sheet1!$A$4:$B$20,2,0) -> Penata Muda Tk.I (Gol. III/b) | I24: III/b | J24: 44835 | L24: =DATEDIF(J24,$A$2,"Y")&" tahun, "&DATEDIF(J24,$A$2,"YM")&" bulan" -> 3 tahun, 9 bulan | M24: Perempuan | N24: Bandung | O24: 28366 | P24: 3277026908770012 | Q24: 358403038421000 | R24: =DATEDIF(O24,$A$2,"Y")&" tahun" -> 48 tahun | S24: =DATEDIF(O24,$A$2,"YM")&" bulan" -> 11 bulan | T24: =DATEDIF(O24,$A$2,"MD")&" hari" -> 0 hari | U24: =DATEDIF(G24,$A$2,"Y")&" tahun, "&DATEDIF(G24,$A$2,"Ym")&" bulan" -> 10 tahun, 5 bulan | V24: =DATE(YEAR(O24)+58,MONTH(O24)+1,1) -> 49553
A25: 22 | B25: 197401101994032001 | C25: Ani Raniati | D25: PNS | E25: Pranata Laboratorium Pendidikan Mahir | F25: JFT | G25: 34394 | H25: =VLOOKUP(I25,Sheet1!$A$4:$B$20,2,0) -> Penata Muda Tk.I (Gol. III/b) | I25: III/b | J25: 42826 | L25: =DATEDIF(J25,$A$2,"Y")&" tahun, "&DATEDIF(J25,$A$2,"YM")&" bulan" -> 9 tahun, 3 bulan | M25: Perempuan | N25: Bandung | O25: 27039 | P25: 3273025001740016 | Q25: 349310946446000 | R25: =DATEDIF(O25,$A$2,"Y")&" tahun" -> 52 tahun | S25: =DATEDIF(O25,$A$2,"YM")&" bulan" -> 6 bulan | T25: =DATEDIF(O25,$A$2,"MD")&" hari" -> 19 hari | U25: =DATEDIF(G25,$A$2,"Y")&" tahun, "&DATEDIF(G25,$A$2,"Ym")&" bulan" -> 32 tahun, 4 bulan | V25: =DATE(YEAR(O25)+58,MONTH(O25)+1,1) -> 48245
A26: 23 | B26: 197307082008102001 | C26: Anna Yulia, SH | D26: PNS | E26: Arsiparis Ahli Muda | F26: JFT | G26: 39722 | H26: =VLOOKUP(I26,Sheet1!$A$4:$B$20,2,0) -> Penata Tk.I (Gol. III/d) | I26: III/d | J26: 44835 | L26: =DATEDIF(J26,$A$2,"Y")&" tahun, "&DATEDIF(J26,$A$2,"YM")&" bulan" -> 3 tahun, 9 bulan | M26: Perempuan | N26: Bandung | O26: 26853 | P26: 3273174807730003 | Q26: 580398840422000 | R26: =DATEDIF(O26,$A$2,"Y")&" tahun" -> 53 tahun | S26: =DATEDIF(O26,$A$2,"YM")&" bulan" -> 0 bulan | T26: =DATEDIF(O26,$A$2,"MD")&" hari" -> 21 hari | U26: =DATEDIF(G26,$A$2,"Y")&" tahun, "&DATEDIF(G26,$A$2,"Ym")&" bulan" -> 17 tahun, 9 bulan | V26: =DATE(YEAR(O26)+58,MONTH(O26)+1,1) -> 48061
A27: 24 | B27: 198308122009101001 | C27: Anton Soejarwo | D27: PNS | E27: Pengadministrasi Kepegawaian | F27: JF | G27: 40087 | H27: =VLOOKUP(I27,Sheet1!$A$4:$B$20,2,0) -> Pengatur Tk. I (Gol. II/d) | I27: II/d | J27: 45017 | L27: =DATEDIF(J27,$A$2,"Y")&" tahun, "&DATEDIF(J27,$A$2,"YM")&" bulan" -> 3 tahun, 3 bulan | M27: Laki-Laki | N27: Medan | O27: 30540 | P27: 3204281208830001 | Q27: 349345710444000 | R27: =DATEDIF(O27,$A$2,"Y")&" tahun" -> 42 tahun | S27: =DATEDIF(O27,$A$2,"YM")&" bulan" -> 11 bulan | T27: =DATEDIF(O27,$A$2,"MD")&" hari" -> 17 hari | U27: =DATEDIF(G27,$A$2,"Y")&" tahun, "&DATEDIF(G27,$A$2,"Ym")&" bulan" -> 16 tahun, 9 bulan | V27: =DATE(YEAR(O27)+58,MONTH(O27)+1,1) -> 51745
A28: 25 | B28: 198312292014091001 | C28: Argie Rizki Maulana | D28: PNS | E28: Pengelola Data Akademik | F28: JF | G28: 41883 | H28: =VLOOKUP(I28,Sheet1!$A$4:$B$20,2,0) -> Pengatur (Gol. II/c) | I28: II/c | J28: 44835 | L28: =DATEDIF(J28,$A$2,"Y")&" tahun, "&DATEDIF(J28,$A$2,"YM")&" bulan" -> 3 tahun, 9 bulan | M28: Laki-Laki | N28: Bandung | O28: 30679 | P28: 3204052912830015 | Q28: 358625705423000 | R28: =DATEDIF(O28,$A$2,"Y")&" tahun" -> 42 tahun | S28: =DATEDIF(O28,$A$2,"YM")&" bulan" -> 7 bulan | T28: =DATEDIF(O28,$A$2,"MD")&" hari" -> 0 hari | U28: =DATEDIF(G28,$A$2,"Y")&" tahun, "&DATEDIF(G28,$A$2,"Ym")&" bulan" -> 11 tahun, 10 bulan | V28: =DATE(YEAR(O28)+58,MONTH(O28)+1,1) -> 51867
A29: 26 | B29: 198003152009101001 | C29: Ari Darmawan | D29: PNS | E29: Pengadministrasi | F29: JF | G29: 40087 | H29: =VLOOKUP(I29,Sheet1!$A$4:$B$20,2,0) -> Pengatur Tk. I (Gol. II/d) | I29: II/d | J29: 45017 | L29: =DATEDIF(J29,$A$2,"Y")&" tahun, "&DATEDIF(J29,$A$2,"YM")&" bulan" -> 3 tahun, 3 bulan | M29: Laki-Laki | N29: Bandung | O29: 29295 | P29: 3273071503800002 | Q29: 349037523428000 | R29: =DATEDIF(O29,$A$2,"Y")&" tahun" -> 46 tahun | S29: =DATEDIF(O29,$A$2,"YM")&" bulan" -> 4 bulan | T29: =DATEDIF(O29,$A$2,"MD")&" hari" -> 14 hari | U29: =DATEDIF(G29,$A$2,"Y")&" tahun, "&DATEDIF(G29,$A$2,"Ym")&" bulan" -> 16 tahun, 9 bulan | V29: =DATE(YEAR(O29)+58,MONTH(O29)+1,1) -> 50496
A30: 27 | B30: 197104192014091001 | C30: Aries Budi Suharto | D30: PNS | E30: Teknisi Pelaksana | F30: JF | G30: 41883 | H30: =VLOOKUP(I30,Sheet1!$A$4:$B$20,2,0) -> Pengatur (Gol. II/c) | I30: II/c | J30: 44835 | L30: =DATEDIF(J30,$A$2,"Y")&" tahun, "&DATEDIF(J30,$A$2,"YM")&" bulan" -> 3 tahun, 9 bulan | M30: Laki-Laki | N30: Indramayu | O30: 26042 | P30: 3204081904710002 | Q30: 358863090444000 | R30: =DATEDIF(O30,$A$2,"Y")&" tahun" -> 55 tahun | S30: =DATEDIF(O30,$A$2,"YM")&" bulan" -> 3 bulan | T30: =DATEDIF(O30,$A$2,"MD")&" hari" -> 10 hari | U30: =DATEDIF(G30,$A$2,"Y")&" tahun, "&DATEDIF(G30,$A$2,"Ym")&" bulan" -> 11 tahun, 10 bulan | V30: =DATE(YEAR(O30)+58,MONTH(O30)+1,1) -> 47239
A31: 28 | B31: 197008122007011002 | C31: Asep Harmaen | D31: PNS | E31: Teknisi Pelaksana | F31: JF | G31: 39083 | H31: =VLOOKUP(I31,Sheet1!$A$4:$B$20,2,0) -> Penata Muda (Gol. III/a) | I31: III/a | J31: 46054 | K31: 25 tahun 5 bulan | L31: =DATEDIF(J31,$A$2,"Y")&" tahun, "&DATEDIF(J31,$A$2,"YM")&" bulan" -> 0 tahun, 5 bulan | M31: Laki-Laki | N31: Bandung | O31: 25792 | P31: 3273021208700003 | Q31: 796295970423000 | R31: =DATEDIF(O31,$A$2,"Y")&" tahun" -> 55 tahun | S31: =DATEDIF(O31,$A$2,"YM")&" bulan" -> 11 bulan | T31: =DATEDIF(O31,$A$2,"MD")&" hari" -> 17 hari | U31: =DATEDIF(G31,$A$2,"Y")&" tahun, "&DATEDIF(G31,$A$2,"Ym")&" bulan" -> 19 tahun, 6 bulan | V31: =DATE(YEAR(O31)+58,MONTH(O31)+1,1) -> 46997
A32: 29 | B32: 196912042009101001 | C32: Asep Koswara | D32: PNS | E32: Pengadministrasi Keuangan | F32: JF | G32: 40087 | H32: =VLOOKUP(I32,Sheet1!$A$4:$B$20,2,0) -> Penata Muda (Gol. III/a) | I32: III/a | J32: 45931 | K32: 18 tahun 8 bulan | L32: =DATEDIF(J32,$A$2,"Y")&" tahun, "&DATEDIF(J32,$A$2,"YM")&" bulan" -> 0 tahun, 9 bulan | M32: Laki-Laki | N32: Bandung | O32: 25541 | P32: 3204280412690002 | Q32: 818192452444000 | R32: =DATEDIF(O32,$A$2,"Y")&" tahun" -> 56 tahun | S32: =DATEDIF(O32,$A$2,"YM")&" bulan" -> 7 bulan | T32: =DATEDIF(O32,$A$2,"MD")&" hari" -> 25 hari | U32: =DATEDIF(G32,$A$2,"Y")&" tahun, "&DATEDIF(G32,$A$2,"Ym")&" bulan" -> 16 tahun, 9 bulan | V32: =DATE(YEAR(O32)+58,MONTH(O32)+1,1) -> 46753
A33: 30 | B33: 198004132008101001 | C33: Asep Kurnia, S.AP | D33: PNS | E33: Koordinator Bidang Akademik dan Kemahasiswaan | F33: JF | G33: 39722 | H33: =VLOOKUP(I33,Sheet1!$A$4:$B$20,2,0) -> Penata (Gol. III/c) | I33: III/c | J33: 46174 | K33: 22 tahun 1 bulan | L33: =DATEDIF(J33,$A$2,"Y")&" tahun, "&DATEDIF(J33,$A$2,"YM")&" bulan" -> 0 tahun, 1 bulan | M33: Laki-Laki | N33: Bandung | O33: 29324 | P33: 3273071304800001 | Q33: 265181438428000 | R33: =DATEDIF(O33,$A$2,"Y")&" tahun" -> 46 tahun | S33: =DATEDIF(O33,$A$2,"YM")&" bulan" -> 3 bulan | T33: =DATEDIF(O33,$A$2,"MD")&" hari" -> 16 hari | U33: =DATEDIF(G33,$A$2,"Y")&" tahun, "&DATEDIF(G33,$A$2,"Ym")&" bulan" -> 17 tahun, 9 bulan | V33: =DATE(YEAR(O33)+58,MONTH(O33)+1,1) -> 50526
A34: 31 | B34: 197401082007101002 | C34: Asep Najar Husnika | D34: PNS | E34: Teknisi Pelaksana | F34: JF | G34: 39356 | H34: =VLOOKUP(I34,Sheet1!$A$4:$B$20,2,0) -> Penata Muda (Gol. III/a) | I34: III/a | J34: 45566 | K34: 18 tahun 9 bulan | L34: =DATEDIF(J34,$A$2,"Y")&" tahun, "&DATEDIF(J34,$A$2,"YM")&" bulan" -> 1 tahun, 9 bulan | M34: Laki-Laki | N34: Ciililin | O34: 27037 | P34: 3211150801740004 | Q34: 349334649446000 | R34: =DATEDIF(O34,$A$2,"Y")&" tahun" -> 52 tahun | S34: =DATEDIF(O34,$A$2,"YM")&" bulan" -> 6 bulan | T34: =DATEDIF(O34,$A$2,"MD")&" hari" -> 21 hari | U34: =DATEDIF(G34,$A$2,"Y")&" tahun, "&DATEDIF(G34,$A$2,"Ym")&" bulan" -> 18 tahun, 9 bulan | V34: =DATE(YEAR(O34)+58,MONTH(O34)+1,1) -> 48245
A35: 32 | B35: 198708082016024001 | C35: Atu Purnama Dewi, S.Si | D35: Non PNS | E35: Pranata Laboratorium Pendidikan Ahli Pertama | F35: JFT-NPNS | G35: 42401 | H35: =VLOOKUP(I35,Sheet1!$A$4:$B$20,2,0) -> Penata Muda Tk.I (Gol. III/b) | I35: III/b | J35: 46113 | K35: 8 tahun 3 bulan | L35: =DATEDIF(J35,$A$2,"Y")&" tahun, "&DATEDIF(J35,$A$2,"YM")&" bulan" -> 0 tahun, 3 bulan | M35: Perempuan | N35: Bandung | O35: 31997 | P35: 3277014808870029 | Q35: 454318403421000 | R35: =DATEDIF(O35,$A$2,"Y")&" tahun" -> 38 tahun | S35: =DATEDIF(O35,$A$2,"YM")&" bulan" -> 11 bulan | T35: =DATEDIF(O35,$A$2,"MD")&" hari" -> 21 hari | U35: =DATEDIF(G35,$A$2,"Y")&" tahun, "&DATEDIF(G35,$A$2,"Ym")&" bulan" -> 10 tahun, 5 bulan | V35: =DATE(YEAR(O35)+58,MONTH(O35)+1,1) -> 53206
A36: 33 | B36: 197803162009102001 | C36: Ayi Nurdaliah Yusuf, A.Md | D36: PNS | E36: Pengadministrasi Kepegawaian | F36: JF | G36: 40087 | H36: =VLOOKUP(I36,Sheet1!$A$4:$B$20,2,0) -> Penata Muda Tk.I (Gol. III/b) | I36: III/b | J36: 45017 | K36: 19 tahun 2 bulan | L36: =DATEDIF(J36,$A$2,"Y")&" tahun, "&DATEDIF(J36,$A$2,"YM")&" bulan" -> 3 tahun, 3 bulan | M36: Perempuan | N36: Tasikmalaya | O36: 28565 | P36: 3204285603780006 | Q36: 347651978444999 | R36: =DATEDIF(O36,$A$2,"Y")&" tahun" -> 48 tahun | S36: =DATEDIF(O36,$A$2,"YM")&" bulan" -> 4 bulan | T36: =DATEDIF(O36,$A$2,"MD")&" hari" -> 13 hari | U36: =DATEDIF(G36,$A$2,"Y")&" tahun, "&DATEDIF(G36,$A$2,"Ym")&" bulan" -> 16 tahun, 9 bulan | V36: =DATE(YEAR(O36)+58,MONTH(O36)+1,1) -> 49766
A37: 34 | B37: 197309222007011001 | C37: Ayi Ratno Permana | D37: PNS | E37: Teknisi Pelaksana | F37: JF | G37: 39083 | H37: =VLOOKUP(I37,Sheet1!$A$4:$B$20,2,0) -> Pengatur Tk. I (Gol. II/d) | I37: II/d | J37: 46174 | K37: 26 tahun 7 bulan | L37: =DATEDIF(J37,$A$2,"Y")&" tahun, "&DATEDIF(J37,$A$2,"YM")&" bulan" -> 0 tahun, 1 bulan | M37: Laki-Laki | N37: Sumedang | O37: 26929 | P37: 3273072209730001 | Q37: 349372367428000 | R37: =DATEDIF(O37,$A$2,"Y")&" tahun" -> 52 tahun | S37: =DATEDIF(O37,$A$2,"YM")&" bulan" -> 10 bulan | T37: =DATEDIF(O37,$A$2,"MD")&" hari" -> 7 hari | U37: =DATEDIF(G37,$A$2,"Y")&" tahun, "&DATEDIF(G37,$A$2,"Ym")&" bulan" -> 19 tahun, 6 bulan | V37: =DATE(YEAR(O37)+58,MONTH(O37)+1,1) -> 48122
A38: 35 | B38: 200012272024084001 | C38: Ayu Prasasti Cahya Fitria, A.Md. | D38: Non PNS | E38: Pranata Laboratorium Pendidikan Terampil | F38: JFT-NPNS | G38: 45505 | H38: =VLOOKUP(I38,Sheet1!$A$4:$B$20,2,0) -> Pengatur (Gol. II/c) | I38: II/c | J38: 01 Agustus 2024 | L38: =DATEDIF(J38,$A$2,"Y")&" tahun, "&DATEDIF(J38,$A$2,"YM")&" bulan" -> 1 tahun, 11 bulan | M38: Perempuan | N38: Wonodadi | O38: 36887 | P38: 1810016812000005 | R38: =DATEDIF(O38,$A$2,"Y")&" tahun" -> 25 tahun | S38: =DATEDIF(O38,$A$2,"YM")&" bulan" -> 7 bulan | T38: =DATEDIF(O38,$A$2,"MD")&" hari" -> 2 hari | U38: =DATEDIF(G38,$A$2,"Y")&" tahun, "&DATEDIF(G38,$A$2,"Ym")&" bulan" -> 1 tahun, 11 bulan | V38: =DATE(YEAR(O38)+58,MONTH(O38)+1,1) -> 58076
A39: 36 | B39: 197602242016023001 | C39: Beben Ii Somantri | D39: Non PNS | E39: Pengadministrasi Sarana dan Prasarana | F39: JF-NPNS | G39: 42401 | H39: =VLOOKUP(I39,Sheet1!$A$4:$B$20,2,0) -> Pengatur (Gol. II/c) | I39: II/c | J39: 45748 | K39: 12 tahun 5 bulan | L39: =DATEDIF(J39,$A$2,"Y")&" tahun, "&DATEDIF(J39,$A$2,"YM")&" bulan" -> 1 tahun, 3 bulan | M39: Laki-Laki | N39: Bandung | O39: 27814 | P39: 3273022402760012 | Q39: 665576559423000 | R39: =DATEDIF(O39,$A$2,"Y")&" tahun" -> 50 tahun | S39: =DATEDIF(O39,$A$2,"YM")&" bulan" -> 5 bulan | T39: =DATEDIF(O39,$A$2,"MD")&" hari" -> 5 hari | U39: =DATEDIF(G39,$A$2,"Y")&" tahun, "&DATEDIF(G39,$A$2,"Ym")&" bulan" -> 10 tahun, 5 bulan | V39: =DATE(YEAR(O39)+58,MONTH(O39)+1,1) -> 49004
A40: 37 | B40: 200010162024083001 | C40: Bima Ali Akbar, A.Md. | D40: Non PNS | E40: Pranata Laboratorium Pendidikan Terampil | F40: JFT-NPNS | G40: 45505 | H40: =VLOOKUP(I40,Sheet1!$A$4:$B$20,2,0) -> Pengatur (Gol. II/c) | I40: II/c | J40: 01 Agustus 2024 | L40: =DATEDIF(J40,$A$2,"Y")&" tahun, "&DATEDIF(J40,$A$2,"YM")&" bulan" -> 1 tahun, 11 bulan | M40: Laki-Laki | N40: Magelang | O40: 36815 | P40: 3308091610000003 | R40: =DATEDIF(O40,$A$2,"Y")&" tahun" -> 25 tahun | S40: =DATEDIF(O40,$A$2,"YM")&" bulan" -> 9 bulan | T40: =DATEDIF(O40,$A$2,"MD")&" hari" -> 13 hari | U40: =DATEDIF(G40,$A$2,"Y")&" tahun, "&DATEDIF(G40,$A$2,"Ym")&" bulan" -> 1 tahun, 11 bulan | V40: =DATE(YEAR(O40)+58,MONTH(O40)+1,1) -> 58015
A41: 38 | B41: 198109292007101001 | C41: Cepi Kusmayadi | D41: PNS | E41: Pengadministrasi Kepegawaian | F41: JF | G41: 39356 | H41: =VLOOKUP(I41,Sheet1!$A$4:$B$20,2,0) -> Penata Muda (Gol. III/a) | I41: III/a | J41: 46054 | K41: 20 tahun 1 bulan | L41: =DATEDIF(J41,$A$2,"Y")&" tahun, "&DATEDIF(J41,$A$2,"YM")&" bulan" -> 0 tahun, 5 bulan | M41: Laki-Laki | N41: Bandung | O41: 29858 | P41: 3204052909810022 | Q41: 349329912444000 | R41: =DATEDIF(O41,$A$2,"Y")&" tahun" -> 44 tahun | S41: =DATEDIF(O41,$A$2,"YM")&" bulan" -> 10 bulan | T41: =DATEDIF(O41,$A$2,"MD")&" hari" -> 0 hari | U41: =DATEDIF(G41,$A$2,"Y")&" tahun, "&DATEDIF(G41,$A$2,"Ym")&" bulan" -> 18 tahun, 9 bulan | V41: =DATE(YEAR(O41)+58,MONTH(O41)+1,1) -> 51044
A42: 39 | B42: 198008192016023001 | C42: Cheppy Agustiana, A.Md | D42: Non PNS | E42: Teknisi Pelaksana | F42: JF-NPNS | G42: 42401 | H42: =VLOOKUP(I42,Sheet1!$A$4:$B$20,2,0) -> Pengatur (Gol. II/c) | I42: II/c | J42: 45748 | K42: 20 tahun 6 bulan | L42: =DATEDIF(J42,$A$2,"Y")&" tahun, "&DATEDIF(J42,$A$2,"YM")&" bulan" -> 1 tahun, 3 bulan | M42: Laki-Laki | N42: Sumedang | O42: 29452 | P42: 3277011908800021 | Q42: 699911228421000 | R42: =DATEDIF(O42,$A$2,"Y")&" tahun" -> 45 tahun | S42: =DATEDIF(O42,$A$2,"YM")&" bulan" -> 11 bulan | T42: =DATEDIF(O42,$A$2,"MD")&" hari" -> 10 hari | U42: =DATEDIF(G42,$A$2,"Y")&" tahun, "&DATEDIF(G42,$A$2,"Ym")&" bulan" -> 10 tahun, 5 bulan | V42: =DATE(YEAR(O42)+58,MONTH(O42)+1,1) -> 50649
A43: 40 | B43: 197310152008102001 | C43: Cicih Carnasih, S.AP | D43: PNS | E43: Pengolah Data Akademik | F43: JF | G43: 39722 | H43: =VLOOKUP(I43,Sheet1!$A$4:$B$20,2,0) -> Penata Tk.I (Gol. III/d) | I43: III/d | J43: 45748 | K43: 23 tahun 10 bulan | L43: =DATEDIF(J43,$A$2,"Y")&" tahun, "&DATEDIF(J43,$A$2,"YM")&" bulan" -> 1 tahun, 3 bulan | M43: Perempuan | N43: Bandung | O43: 26952 | P43: 3273075510730001 | Q43: 349351411428000 | R43: =DATEDIF(O43,$A$2,"Y")&" tahun" -> 52 tahun | S43: =DATEDIF(O43,$A$2,"YM")&" bulan" -> 9 bulan | T43: =DATEDIF(O43,$A$2,"MD")&" hari" -> 14 hari | U43: =DATEDIF(G43,$A$2,"Y")&" tahun, "&DATEDIF(G43,$A$2,"Ym")&" bulan" -> 17 tahun, 9 bulan | V43: =DATE(YEAR(O43)+58,MONTH(O43)+1,1) -> 48153
A44: 41 | B44: 197009132014091003 | C44: Cucu Sukmara | D44: PNS | E44: Teknisi Pelaksana | F44: JF | G44: 41883 | H44: =VLOOKUP(I44,Sheet1!$A$4:$B$20,2,0) -> Pengatur (Gol. II/c) | I44: II/c | J44: 44835 | L44: =DATEDIF(J44,$A$2,"Y")&" tahun, "&DATEDIF(J44,$A$2,"YM")&" bulan" -> 3 tahun, 9 bulan | M44: Laki-Laki | N44: Sumedang | O44: 25824 | P44: 3211111309700008 | Q44: 358372738446000 | R44: =DATEDIF(O44,$A$2,"Y")&" tahun" -> 55 tahun | S44: =DATEDIF(O44,$A$2,"YM")&" bulan" -> 10 bulan | T44: =DATEDIF(O44,$A$2,"MD")&" hari" -> 16 hari | U44: =DATEDIF(G44,$A$2,"Y")&" tahun, "&DATEDIF(G44,$A$2,"Ym")&" bulan" -> 11 tahun, 10 bulan | V44: =DATE(YEAR(O44)+58,MONTH(O44)+1,1) -> 47027
A45: 42 | B45: 197701212008101001 | C45: Dany Kurniawan | D45: PNS | E45: Pengadministrasi Akademik | F45: JF | G45: 39722 | H45: =VLOOKUP(I45,Sheet1!$A$4:$B$20,2,0) -> Penata Muda (Gol. III/a) | I45: III/a | J45: 45566 | K45: 18 tahun 9 bulan | L45: =DATEDIF(J45,$A$2,"Y")&" tahun, "&DATEDIF(J45,$A$2,"YM")&" bulan" -> 1 tahun, 9 bulan | M45: Laki-Laki | N45: Bandung | O45: 28146 | Q45: 349381152446000 | R45: =DATEDIF(O45,$A$2,"Y")&" tahun" -> 49 tahun | S45: =DATEDIF(O45,$A$2,"YM")&" bulan" -> 6 bulan | T45: =DATEDIF(O45,$A$2,"MD")&" hari" -> 8 hari | U45: =DATEDIF(G45,$A$2,"Y")&" tahun, "&DATEDIF(G45,$A$2,"Ym")&" bulan" -> 17 tahun, 9 bulan | V45: =DATE(YEAR(O45)+58,MONTH(O45)+1,1) -> 49341
A46: 43 | B46: 197604092007011001 | C46: Dawam Suherlan | D46: PNS | E46: Pengelola Daftar Gaji | F46: JF | G46: 39083 | H46: =VLOOKUP(I46,Sheet1!$A$4:$B$20,2,0) -> Penata Muda Tk.I (Gol. III/b) | I46: III/b | J46: 45017 | L46: =DATEDIF(J46,$A$2,"Y")&" tahun, "&DATEDIF(J46,$A$2,"YM")&" bulan" -> 3 tahun, 3 bulan | M46: Laki-Laki | N46: Bandung | O46: 27859 | P46: 3204110904760002 | Q46: 586241705445000 | R46: =DATEDIF(O46,$A$2,"Y")&" tahun" -> 50 tahun | S46: =DATEDIF(O46,$A$2,"YM")&" bulan" -> 3 bulan | T46: =DATEDIF(O46,$A$2,"MD")&" hari" -> 20 hari | U46: =DATEDIF(G46,$A$2,"Y")&" tahun, "&DATEDIF(G46,$A$2,"Ym")&" bulan" -> 19 tahun, 6 bulan | V46: =DATE(YEAR(O46)+58,MONTH(O46)+1,1) -> 49065
A47: 44 | B47: 198203022016023001 | C47: Dayat Gustiawan Susanto | D47: Non PNS | E47: Teknisi Pelaksana | F47: JF-NPNS | G47: 42401 | H47: =VLOOKUP(I47,Sheet1!$A$4:$B$20,2,0) -> Pengatur (Gol. II/c) | I47: II/c | J47: 45748 | K47: 15 tahun 0 bulan | L47: =DATEDIF(J47,$A$2,"Y")&" tahun, "&DATEDIF(J47,$A$2,"YM")&" bulan" -> 1 tahun, 3 bulan | M47: Laki-Laki | N47: Sumedang | O47: 30012 | P47: 3211110203820011 | Q47: 358842086446000 | R47: =DATEDIF(O47,$A$2,"Y")&" tahun" -> 44 tahun | S47: =DATEDIF(O47,$A$2,"YM")&" bulan" -> 4 bulan | T47: =DATEDIF(O47,$A$2,"MD")&" hari" -> 27 hari | U47: =DATEDIF(G47,$A$2,"Y")&" tahun, "&DATEDIF(G47,$A$2,"Ym")&" bulan" -> 10 tahun, 5 bulan | V47: =DATE(YEAR(O47)+58,MONTH(O47)+1,1) -> 51227
A48: 45 | B48: 197710202016023001 | C48: Deddy Supriadi, A.Md | D48: Non PNS | E48: Pengadministrasi Kepegawaian | F48: JF-NPNS | G48: 42401 | H48: =VLOOKUP(I48,Sheet1!$A$4:$B$20,2,0) -> Pengatur Tk. I (Gol. II/d) | I48: II/d | J48: 45748 | K48: 15 tahun 3 bulan | L48: =DATEDIF(J48,$A$2,"Y")&" tahun, "&DATEDIF(J48,$A$2,"YM")&" bulan" -> 1 tahun, 3 bulan | M48: Laki-Laki | N48: Karawang | O48: 28418 | P48: 3204062010770001 | Q48: 358716843444000 | R48: =DATEDIF(O48,$A$2,"Y")&" tahun" -> 48 tahun | S48: =DATEDIF(O48,$A$2,"YM")&" bulan" -> 9 bulan | T48: =DATEDIF(O48,$A$2,"MD")&" hari" -> 9 hari | U48: =DATEDIF(G48,$A$2,"Y")&" tahun, "&DATEDIF(G48,$A$2,"Ym")&" bulan" -> 10 tahun, 5 bulan | V48: =DATE(YEAR(O48)+58,MONTH(O48)+1,1) -> 49614
A49: 46 | B49: 197902012019063001 | C49: Dede Junaherna | D49: Non PNS | E49: Pramu | F49: JF-NPNS | G49: 43617 | H49: =VLOOKUP(I49,Sheet1!$A$4:$B$20,2,0) -> Juru Tk. I (Gol. I/d) | I49: I/d | J49: 45748 | K49: 8 tahun 10 bulan | L49: =DATEDIF(J49,$A$2,"Y")&" tahun, "&DATEDIF(J49,$A$2,"YM")&" bulan" -> 1 tahun, 3 bulan | M49: Laki-Laki | N49: Subang | O49: 28887 | P49: 3213290102790011 | Q49: 970335535421000 | R49: =DATEDIF(O49,$A$2,"Y")&" tahun" -> 47 tahun | S49: =DATEDIF(O49,$A$2,"YM")&" bulan" -> 5 bulan | T49: =DATEDIF(O49,$A$2,"MD")&" hari" -> 28 hari | U49: =DATEDIF(G49,$A$2,"Y")&" tahun, "&DATEDIF(G49,$A$2,"Ym")&" bulan" -> 7 tahun, 1 bulan | V49: =DATE(YEAR(O49)+58,MONTH(O49)+1,1) -> 50100
A50: 47 | B50: 198208072009101002 | C50: Dede Nurdin, S.Tr.Akun. | D50: PNS | E50: Bendahara Fakultas | F50: JF | G50: 40087 | H50: =VLOOKUP(I50,Sheet1!$A$4:$B$20,2,0) -> Penata Muda Tk.I (Gol. III/b) | I50: III/b | J50: 45017 | L50: =DATEDIF(J50,$A$2,"Y")&" tahun, "&DATEDIF(J50,$A$2,"YM")&" bulan" -> 3 tahun, 3 bulan | M50: Laki-Laki | N50: Majalengka | O50: 30170 | P50: 3211110708820008 | Q50: 349348748446000 | R50: =DATEDIF(O50,$A$2,"Y")&" tahun" -> 43 tahun | S50: =DATEDIF(O50,$A$2,"YM")&" bulan" -> 11 bulan | T50: =DATEDIF(O50,$A$2,"MD")&" hari" -> 22 hari | U50: =DATEDIF(G50,$A$2,"Y")&" tahun, "&DATEDIF(G50,$A$2,"Ym")&" bulan" -> 16 tahun, 9 bulan | V50: =DATE(YEAR(O50)+58,MONTH(O50)+1,1) -> 51380
A51: 48 | B51: 196806282019063001 | C51: Dedi Juandi | D51: Non PNS | E51: Pramu | F51: JF-NPNS | G51: 43617 | H51: =VLOOKUP(I51,Sheet1!$A$4:$B$20,2,0) -> Pengatur Muda Tk. I (Gol. II/b) | I51: II/b | J51: 45748 | K51: 5 tahun 10 bulan | L51: =DATEDIF(J51,$A$2,"Y")&" tahun, "&DATEDIF(J51,$A$2,"YM")&" bulan" -> 1 tahun, 3 bulan | M51: Laki-Laki | N51: Solo | O51: 25017 | P51: 3217092305680003 | Q51: 970335451421000 | R51: =DATEDIF(O51,$A$2,"Y")&" tahun" -> 58 tahun | S51: =DATEDIF(O51,$A$2,"YM")&" bulan" -> 1 bulan | T51: =DATEDIF(O51,$A$2,"MD")&" hari" -> 1 hari | U51: =DATEDIF(G51,$A$2,"Y")&" tahun, "&DATEDIF(G51,$A$2,"Ym")&" bulan" -> 7 tahun, 1 bulan | V51: =DATE(YEAR(O51)+58,MONTH(O51)+1,1) -> 46204
A52: 49 | B52: 196910181993031002 | C52: Dedi Rohaedi | D52: PNS | E52: Teknisi Terampil | F52: JF | G52: 34029 | H52: =VLOOKUP(I52,Sheet1!$A$4:$B$20,2,0) -> Penata Muda Tk.I (Gol. III/b) | I52: III/b | J52: 41548 | L52: =DATEDIF(J52,$A$2,"Y")&" tahun, "&DATEDIF(J52,$A$2,"YM")&" bulan" -> 12 tahun, 9 bulan | M52: Laki-Laki | N52: Bandung | O52: 25494 | P52: 3217061810690011 | Q52: 270316946422000 | R52: =DATEDIF(O52,$A$2,"Y")&" tahun" -> 56 tahun | S52: =DATEDIF(O52,$A$2,"YM")&" bulan" -> 9 bulan | T52: =DATEDIF(O52,$A$2,"MD")&" hari" -> 11 hari | U52: =DATEDIF(G52,$A$2,"Y")&" tahun, "&DATEDIF(G52,$A$2,"Ym")&" bulan" -> 33 tahun, 4 bulan | V52: =DATE(YEAR(O52)+58,MONTH(O52)+1,1) -> 46692
A53: 50 | B53: 197308142016023001 | C53: Dedi Supriadi | D53: Non PNS | E53: Pengadministrasi Akademik | F53: JF-NPNS | G53: 42401 | H53: =VLOOKUP(I53,Sheet1!$A$4:$B$20,2,0) -> Pengatur (Gol. II/c) | I53: II/c | J53: 45566 | K53: 17 tahun 5 bulan | L53: =DATEDIF(J53,$A$2,"Y")&" tahun, "&DATEDIF(J53,$A$2,"YM")&" bulan" -> 1 tahun, 9 bulan | M53: Laki-Laki | N53: Bandung | O53: 26890 | P53: 3211141408730011 | R53: =DATEDIF(O53,$A$2,"Y")&" tahun" -> 52 tahun | S53: =DATEDIF(O53,$A$2,"YM")&" bulan" -> 11 bulan | T53: =DATEDIF(O53,$A$2,"MD")&" hari" -> 15 hari | U53: =DATEDIF(G53,$A$2,"Y")&" tahun, "&DATEDIF(G53,$A$2,"Ym")&" bulan" -> 10 tahun, 5 bulan | V53: =DATE(YEAR(O53)+58,MONTH(O53)+1,1) -> 48092
A54: 51 | B54: 200012102024084001 | C54: Delisma Ayuni, A.Md. | D54: Non PNS | E54: Pranata Laboratorium Pendidikan Terampil | F54: JFT-NPNS | G54: 45505 | H54: =VLOOKUP(I54,Sheet1!$A$4:$B$20,2,0) -> Pengatur (Gol. II/c) | I54: II/c | J54: 01 Agustus 2024 | L54: =DATEDIF(J54,$A$2,"Y")&" tahun, "&DATEDIF(J54,$A$2,"YM")&" bulan" -> 1 tahun, 11 bulan | M54: Perempuan | N54: Bandung | O54: 36870 | P54: 3204285012000009 | R54: =DATEDIF(O54,$A$2,"Y")&" tahun" -> 25 tahun | S54: =DATEDIF(O54,$A$2,"YM")&" bulan" -> 7 bulan | T54: =DATEDIF(O54,$A$2,"MD")&" hari" -> 19 hari | U54: =DATEDIF(G54,$A$2,"Y")&" tahun, "&DATEDIF(G54,$A$2,"Ym")&" bulan" -> 1 tahun, 11 bulan | V54: =DATE(YEAR(O54)+58,MONTH(O54)+1,1) -> 58076
A55: 52 | B55: 196808021994031003 | C55: Dendi | D55: PNS | E55: Teknisi Pelaksana | F55: JF | G55: 34394 | H55: =VLOOKUP(I55,Sheet1!$A$4:$B$20,2,0) -> Penata Muda Tk.I (Gol. III/b) | I55: III/b | J55: 45017 | L55: =DATEDIF(J55,$A$2,"Y")&" tahun, "&DATEDIF(J55,$A$2,"YM")&" bulan" -> 3 tahun, 3 bulan | M55: Laki-Laki | N55: Bandung | O55: 25052 | P55: 3277030206680002 | Q55: 269424248421000 | R55: =DATEDIF(O55,$A$2,"Y")&" tahun" -> 57 tahun | S55: =DATEDIF(O55,$A$2,"YM")&" bulan" -> 11 bulan | T55: =DATEDIF(O55,$A$2,"MD")&" hari" -> 27 hari | U55: =DATEDIF(G55,$A$2,"Y")&" tahun, "&DATEDIF(G55,$A$2,"Ym")&" bulan" -> 32 tahun, 4 bulan | V55: =DATE(YEAR(O55)+58,MONTH(O55)+1,1) -> 46266
A56: 53 | B56: 198303312009101001 | C56: Deni Komara, A.Md.A.K. | D56: PNS | E56: Pengadministrasi Kepegawaian | F56: JF | G56: 40087 | H56: =VLOOKUP(I56,Sheet1!$A$4:$B$20,2,0) -> Penata Muda (Gol. III/a) | I56: III/a | J56: 45931 | K56: 16 tahun 9 bulan | L56: =DATEDIF(J56,$A$2,"Y")&" tahun, "&DATEDIF(J56,$A$2,"YM")&" bulan" -> 0 tahun, 9 bulan | M56: Laki-Laki | N56: Bandung | O56: 30406 | P56: 3273073103830003 | Q56: 349147231428000 | R56: =DATEDIF(O56,$A$2,"Y")&" tahun" -> 43 tahun | S56: =DATEDIF(O56,$A$2,"YM")&" bulan" -> 3 bulan | T56: =DATEDIF(O56,$A$2,"MD")&" hari" -> 28 hari | U56: =DATEDIF(G56,$A$2,"Y")&" tahun, "&DATEDIF(G56,$A$2,"Ym")&" bulan" -> 16 tahun, 9 bulan | V56: =DATE(YEAR(O56)+58,MONTH(O56)+1,1) -> 51592
A57: 54 | B57: 198212182009101002 | C57: Deni Riskanda | D57: PNS | E57: Teknisi Pelaksana | F57: JF | G57: 40087 | H57: =VLOOKUP(I57,Sheet1!$A$4:$B$20,2,0) -> Penata Muda (Gol. III/a) | I57: III/a | J57: 45992 | K57: 18 tahun 10 bulan | L57: =DATEDIF(J57,$A$2,"Y")&" tahun, "&DATEDIF(J57,$A$2,"YM")&" bulan" -> 0 tahun, 7 bulan | M57: Laki-Laki | N57: Bandung | O57: 30303 | P57: 3273021812820002 | Q57: 349402685423000 | R57: =DATEDIF(O57,$A$2,"Y")&" tahun" -> 43 tahun | S57: =DATEDIF(O57,$A$2,"YM")&" bulan" -> 7 bulan | T57: =DATEDIF(O57,$A$2,"MD")&" hari" -> 11 hari | U57: =DATEDIF(G57,$A$2,"Y")&" tahun, "&DATEDIF(G57,$A$2,"Ym")&" bulan" -> 16 tahun, 9 bulan | V57: =DATE(YEAR(O57)+58,MONTH(O57)+1,1) -> 51502
A58: 55 | B58: 197102122014091002 | C58: Depi Setiaji, S.AP | D58: PNS | E58: Pengolah Data Pusat Studi | F58: JF | G58: 41883 | H58: =VLOOKUP(I58,Sheet1!$A$4:$B$20,2,0) -> Penata Muda Tk.I (Gol. III/b) | I58: III/b | J58: 45748 | K58: 15 tahun 6 bulan | L58: =DATEDIF(J58,$A$2,"Y")&" tahun, "&DATEDIF(J58,$A$2,"YM")&" bulan" -> 1 tahun, 3 bulan | M58: Laki-Laki | N58: Bandung | O58: 25976 | P58: 3273211202710003 | Q58: 358368769424000 | R58: =DATEDIF(O58,$A$2,"Y")&" tahun" -> 55 tahun | S58: =DATEDIF(O58,$A$2,"YM")&" bulan" -> 5 bulan | T58: =DATEDIF(O58,$A$2,"MD")&" hari" -> 17 hari | U58: =DATEDIF(G58,$A$2,"Y")&" tahun, "&DATEDIF(G58,$A$2,"Ym")&" bulan" -> 11 tahun, 10 bulan | V58: =DATE(YEAR(O58)+58,MONTH(O58)+1,1) -> 47178
A59: 56 | B59: 199004232016024001 | C59: Devi Fabiola Syahfitri, S.Kom | D59: Non PNS | E59: Teknisi Ahli | F59: JF-NPNS | G59: 42401 | H59: =VLOOKUP(I59,Sheet1!$A$4:$B$20,2,0) -> Penata Muda Tk.I (Gol. III/b) | I59: III/b | J59: 45566 | K59: 6 tahun 10 bulan | L59: =DATEDIF(J59,$A$2,"Y")&" tahun, "&DATEDIF(J59,$A$2,"YM")&" bulan" -> 1 tahun, 9 bulan | M59: Perempuan | N59: Bandung | O59: 32986 | P59: 3273296304900001 | Q59: 774540645429000 | R59: =DATEDIF(O59,$A$2,"Y")&" tahun" -> 36 tahun | S59: =DATEDIF(O59,$A$2,"YM")&" bulan" -> 3 bulan | T59: =DATEDIF(O59,$A$2,"MD")&" hari" -> 6 hari | U59: =DATEDIF(G59,$A$2,"Y")&" tahun, "&DATEDIF(G59,$A$2,"Ym")&" bulan" -> 10 tahun, 5 bulan | V59: =DATE(YEAR(O59)+58,MONTH(O59)+1,1) -> 54179
A60: 57 | B60: 198204272009102001 | C60: Devivi Hafidah, S.AP | D60: PNS | E60: Arsiparis Ahli Pertama | F60: JFT | G60: 40087 | H60: =VLOOKUP(I60,Sheet1!$A$4:$B$20,2,0) -> Penata Muda Tk.I (Gol. III/b) | I60: III/b | J60: 44470 | L60: =DATEDIF(J60,$A$2,"Y")&" tahun, "&DATEDIF(J60,$A$2,"YM")&" bulan" -> 4 tahun, 9 bulan | M60: Perempuan | N60: Bandung | O60: 30068 | P60: 3211116704820004 | Q60: 349334086446000 | R60: =DATEDIF(O60,$A$2,"Y")&" tahun" -> 44 tahun | S60: =DATEDIF(O60,$A$2,"YM")&" bulan" -> 3 bulan | T60: =DATEDIF(O60,$A$2,"MD")&" hari" -> 2 hari | U60: =DATEDIF(G60,$A$2,"Y")&" tahun, "&DATEDIF(G60,$A$2,"Ym")&" bulan" -> 16 tahun, 9 bulan | V60: =DATE(YEAR(O60)+58,MONTH(O60)+1,1) -> 51257
A61: 58 | B61: 197704031999032002 | C61: Deviyanti, S.Si | D61: PNS | E61: Koordinator Perencanaan dan Keuangan | F61: JF | G61: 36220 | H61: =VLOOKUP(I61,Sheet1!$A$4:$B$20,2,0) -> Penata Tk.I (Gol. III/d) | I61: III/d | J61: 43556 | L61: =DATEDIF(J61,$A$2,"Y")&" tahun, "&DATEDIF(J61,$A$2,"YM")&" bulan" -> 7 tahun, 3 bulan | M61: Perempuan | N61: Bandung | O61: 28218 | P61: 3273114304770007 | Q61: 261918098444000 | R61: =DATEDIF(O61,$A$2,"Y")&" tahun" -> 49 tahun | S61: =DATEDIF(O61,$A$2,"YM")&" bulan" -> 3 bulan | T61: =DATEDIF(O61,$A$2,"MD")&" hari" -> 26 hari | U61: =DATEDIF(G61,$A$2,"Y")&" tahun, "&DATEDIF(G61,$A$2,"Ym")&" bulan" -> 27 tahun, 4 bulan | V61: =DATE(YEAR(O61)+58,MONTH(O61)+1,1) -> 49430
A62: 59 | B62: 198202082014091003 | C62: Dicky Noor Firmansyah, A.Md. | D62: PNS | E62: Pengadministrasi Akademik | F62: JF | G62: 41883 | H62: =VLOOKUP(I62,Sheet1!$A$4:$B$20,2,0) -> Pengatur Tk. I (Gol. II/d) | I62: II/d | J62: 45748 | K62: 21 tahun 3 bulan | L62: =DATEDIF(J62,$A$2,"Y")&" tahun, "&DATEDIF(J62,$A$2,"YM")&" bulan" -> 1 tahun, 3 bulan | M62: Laki-Laki | N62: Bandung | O62: 29990 | P62: 3273090802820003 | Q62: 358479665423000 | R62: =DATEDIF(O62,$A$2,"Y")&" tahun" -> 44 tahun | S62: =DATEDIF(O62,$A$2,"YM")&" bulan" -> 5 bulan | T62: =DATEDIF(O62,$A$2,"MD")&" hari" -> 21 hari | U62: =DATEDIF(G62,$A$2,"Y")&" tahun, "&DATEDIF(G62,$A$2,"Ym")&" bulan" -> 11 tahun, 10 bulan | V62: =DATE(YEAR(O62)+58,MONTH(O62)+1,1) -> 51196
A63: 60 | B63: 197612122016023001 | C63: Dodi Setiadi | D63: Non PNS | E63: Pengadministrasi Akademik | F63: JF-NPNS | G63: 42401 | H63: =VLOOKUP(I63,Sheet1!$A$4:$B$20,2,0) -> Pengatur (Gol. II/c) | I63: II/c | J63: 45931 | K63: 9 tahun 9 bulan | L63: =DATEDIF(J63,$A$2,"Y")&" tahun, "&DATEDIF(J63,$A$2,"YM")&" bulan" -> 0 tahun, 9 bulan | M63: Laki-Laki | N63: Bandung | O63: 28106 | P63: 3277031212760028 | Q63: 640482725421000 | R63: =DATEDIF(O63,$A$2,"Y")&" tahun" -> 49 tahun | S63: =DATEDIF(O63,$A$2,"YM")&" bulan" -> 7 bulan | T63: =DATEDIF(O63,$A$2,"MD")&" hari" -> 17 hari | U63: =DATEDIF(G63,$A$2,"Y")&" tahun, "&DATEDIF(G63,$A$2,"Ym")&" bulan" -> 10 tahun, 5 bulan | V63: =DATE(YEAR(O63)+58,MONTH(O63)+1,1) -> 49310
A64: 61 | B64: 197501042008101002 | C64: Dodi Sofyan, SE | D64: PNS | E64: Koordinator Bidang Tata Kelola dan Informasi | F64: JF | G64: 39722 | H64: =VLOOKUP(I64,Sheet1!$A$4:$B$20,2,0) -> Penata (Gol. III/c) | I64: III/c | J64: 45413 | K64: 19 tahun 3 bulan | L64: =DATEDIF(J64,$A$2,"Y")&" tahun, "&DATEDIF(J64,$A$2,"YM")&" bulan" -> 2 tahun, 2 bulan | M64: Laki-Laki | N64: Bandung | O64: 27398 | P64: 3273230401750002 | Q64: 586241648429000 | R64: =DATEDIF(O64,$A$2,"Y")&" tahun" -> 51 tahun | S64: =DATEDIF(O64,$A$2,"YM")&" bulan" -> 6 bulan | T64: =DATEDIF(O64,$A$2,"MD")&" hari" -> 25 hari | U64: =DATEDIF(G64,$A$2,"Y")&" tahun, "&DATEDIF(G64,$A$2,"Ym")&" bulan" -> 17 tahun, 9 bulan | V64: =DATE(YEAR(O64)+58,MONTH(O64)+1,1) -> 48611
A65: 62 | B65: 198602122016024001 | C65: Dwi Febni Ratnaningsih | D65: Non PNS | E65: Pranata Laboratorium Pendidikan Terampil | F65: JFT-NPNS | G65: 42401 | H65: =VLOOKUP(I65,Sheet1!$A$4:$B$20,2,0) -> Pengatur Tk. I (Gol. II/d) | I65: II/d | J65: 45931 | L65: =DATEDIF(J65,$A$2,"Y")&" tahun, "&DATEDIF(J65,$A$2,"YM")&" bulan" -> 0 tahun, 9 bulan | M65: Perempuan | N65: Bandung | O65: 31455 | P65: 3204305202860016 | Q65: 452041536444000 | R65: =DATEDIF(O65,$A$2,"Y")&" tahun" -> 40 tahun | S65: =DATEDIF(O65,$A$2,"YM")&" bulan" -> 5 bulan | T65: =DATEDIF(O65,$A$2,"MD")&" hari" -> 17 hari | U65: =DATEDIF(G65,$A$2,"Y")&" tahun, "&DATEDIF(G65,$A$2,"Ym")&" bulan" -> 10 tahun, 5 bulan | V65: =DATE(YEAR(O65)+58,MONTH(O65)+1,1) -> 52657
A66: 63 | B66: 197009141995021001 | C66: Encep Budi Rusmiadi | D66: PNS | E66: Pengelola Akademik dan Kemahasiswaan | F66: JF | G66: 34731 | H66: =VLOOKUP(I66,Sheet1!$A$4:$B$20,2,0) -> Penata (Gol. III/c) | I66: III/c | J66: 41913 | L66: =DATEDIF(J66,$A$2,"Y")&" tahun, "&DATEDIF(J66,$A$2,"YM")&" bulan" -> 11 tahun, 9 bulan | M66: Laki-Laki | N66: Sumedang | O66: 25825 | P66: 3204051409700001 | Q66: 351001482444000 | R66: =DATEDIF(O66,$A$2,"Y")&" tahun" -> 55 tahun | S66: =DATEDIF(O66,$A$2,"YM")&" bulan" -> 10 bulan | T66: =DATEDIF(O66,$A$2,"MD")&" hari" -> 15 hari | U66: =DATEDIF(G66,$A$2,"Y")&" tahun, "&DATEDIF(G66,$A$2,"Ym")&" bulan" -> 31 tahun, 5 bulan | V66: =DATE(YEAR(O66)+58,MONTH(O66)+1,1) -> 47027
A67: 64 | B67: 197906042016023001 | C67: Enur Jaenudin | D67: Non PNS | E67: Teknisi Pelaksana | F67: JF-NPNS | G67: 42401 | H67: =VLOOKUP(I67,Sheet1!$A$4:$B$20,2,0) -> Pengatur (Gol. II/c) | I67: II/c | J67: 45748 | K67: 15 tahun 0 bulan | L67: =DATEDIF(J67,$A$2,"Y")&" tahun, "&DATEDIF(J67,$A$2,"YM")&" bulan" -> 1 tahun, 3 bulan | M67: Laki-Laki | N67: Bandung | O67: 29010 | P67: 3211150406790012 | Q67: 358467322446000 | R67: =DATEDIF(O67,$A$2,"Y")&" tahun" -> 47 tahun | S67: =DATEDIF(O67,$A$2,"YM")&" bulan" -> 1 bulan | T67: =DATEDIF(O67,$A$2,"MD")&" hari" -> 25 hari | U67: =DATEDIF(G67,$A$2,"Y")&" tahun, "&DATEDIF(G67,$A$2,"Ym")&" bulan" -> 10 tahun, 5 bulan | V67: =DATE(YEAR(O67)+58,MONTH(O67)+1,1) -> 50222
A68: 65 | B68: 198703152016024001 | C68: Erlina Widiarsih, S.Si. | D68: Non PNS | E68: Pranata Laboratorium Pendidikan Ahli Pertama | F68: JFT-NPNS | G68: 42401 | H68: =VLOOKUP(I68,Sheet1!$A$4:$B$20,2,0) -> Penata Muda (Gol. III/a) | I68: III/a | J68: 43922 | L68: =DATEDIF(J68,$A$2,"Y")&" tahun, "&DATEDIF(J68,$A$2,"YM")&" bulan" -> 6 tahun, 3 bulan | M68: Perempuan | N68: Bandung | O68: 31851 | P68: 3273225503870003 | Q68: 681687828429000 | R68: =DATEDIF(O68,$A$2,"Y")&" tahun" -> 39 tahun | S68: =DATEDIF(O68,$A$2,"YM")&" bulan" -> 4 bulan | T68: =DATEDIF(O68,$A$2,"MD")&" hari" -> 14 hari | U68: =DATEDIF(G68,$A$2,"Y")&" tahun, "&DATEDIF(G68,$A$2,"Ym")&" bulan" -> 10 tahun, 5 bulan | V68: =DATE(YEAR(O68)+58,MONTH(O68)+1,1) -> 53053
A69: 66 | B69: 197005022008101001 | C69: Erry Ma'mun | D69: PNS | E69: Teknisi Pelaksana | F69: JF | G69: 39722 | H69: =VLOOKUP(I69,Sheet1!$A$4:$B$20,2,0) -> Penata Muda (Gol. III/a) | I69: III/a | J69: 45566 | K69: 20 tahun 4 bulan | L69: =DATEDIF(J69,$A$2,"Y")&" tahun, "&DATEDIF(J69,$A$2,"YM")&" bulan" -> 1 tahun, 9 bulan | M69: Laki-Laki | N69: Bandung | O69: 25690 | P69: 3273020205700011 | Q69: 349353557423000 | R69: =DATEDIF(O69,$A$2,"Y")&" tahun" -> 56 tahun | S69: =DATEDIF(O69,$A$2,"YM")&" bulan" -> 2 bulan | T69: =DATEDIF(O69,$A$2,"MD")&" hari" -> 27 hari | U69: =DATEDIF(G69,$A$2,"Y")&" tahun, "&DATEDIF(G69,$A$2,"Ym")&" bulan" -> 17 tahun, 9 bulan | V69: =DATE(YEAR(O69)+58,MONTH(O69)+1,1) -> 46905
A70: 67 | B70: 197907142014091002 | C70: Erwien Iswanto, A.Md | D70: PNS | E70: Pengolah Data Perencanaan dan Penganggaran | F70: JF | G70: 41883 | H70: =VLOOKUP(I70,Sheet1!$A$4:$B$20,2,0) -> Penata Muda (Gol. III/a) | I70: III/a | J70: 45748 | K70: 19 tahun 0 bulan | L70: =DATEDIF(J70,$A$2,"Y")&" tahun, "&DATEDIF(J70,$A$2,"YM")&" bulan" -> 1 tahun, 3 bulan | M70: Laki-Laki | N70: Cirebon | O70: 29050 | P70: 3277031407790026 | Q70: 358449593421000 | R70: =DATEDIF(O70,$A$2,"Y")&" tahun" -> 47 tahun | S70: =DATEDIF(O70,$A$2,"YM")&" bulan" -> 0 bulan | T70: =DATEDIF(O70,$A$2,"MD")&" hari" -> 15 hari | U70: =DATEDIF(G70,$A$2,"Y")&" tahun, "&DATEDIF(G70,$A$2,"Ym")&" bulan" -> 11 tahun, 10 bulan | V70: =DATE(YEAR(O70)+58,MONTH(O70)+1,1) -> 50253
A71: 68 | B71: 197505142014091003 | C71: Erwin Muftiwijaya | D71: PNS | E71: Pengadministrasi Kepegawaian | F71: JF | G71: 41883 | H71: =VLOOKUP(I71,Sheet1!$A$4:$B$20,2,0) -> Pengatur (Gol. II/c) | I71: II/c | J71: 44835 | L71: =DATEDIF(J71,$A$2,"Y")&" tahun, "&DATEDIF(J71,$A$2,"YM")&" bulan" -> 3 tahun, 9 bulan | M71: Laki-Laki | N71: Sumedang | O71: 27528 | P71: 3273021405750015 | Q71: 970335170423000 | R71: =DATEDIF(O71,$A$2,"Y")&" tahun" -> 51 tahun | S71: =DATEDIF(O71,$A$2,"YM")&" bulan" -> 2 bulan | T71: =DATEDIF(O71,$A$2,"MD")&" hari" -> 15 hari | U71: =DATEDIF(G71,$A$2,"Y")&" tahun, "&DATEDIF(G71,$A$2,"Ym")&" bulan" -> 11 tahun, 10 bulan | V71: =DATE(YEAR(O71)+58,MONTH(O71)+1,1) -> 48731
A72: 69 | B72: 199711052024084001 | C72: Eva Puspita, A.Md. | D72: Non PNS | E72: Pranata Laboratorium Pendidikan Terampil | F72: JFT-NPNS | G72: 45505 | H72: =VLOOKUP(I72,Sheet1!$A$4:$B$20,2,0) -> Pengatur (Gol. II/c) | I72: II/c | J72: 01 Agustus 2024 | L72: =DATEDIF(J72,$A$2,"Y")&" tahun, "&DATEDIF(J72,$A$2,"YM")&" bulan" -> 1 tahun, 11 bulan | M72: Perempuan | N72: Bandung | O72: 35739 | P72: 3204274511970020 | R72: =DATEDIF(O72,$A$2,"Y")&" tahun" -> 28 tahun | S72: =DATEDIF(O72,$A$2,"YM")&" bulan" -> 8 bulan | T72: =DATEDIF(O72,$A$2,"MD")&" hari" -> 24 hari | U72: =DATEDIF(G72,$A$2,"Y")&" tahun, "&DATEDIF(G72,$A$2,"Ym")&" bulan" -> 1 tahun, 11 bulan | V72: =DATE(YEAR(O72)+58,MONTH(O72)+1,1) -> 56949
A73: 70 | B73: 197907072016023001 | C73: Evan Susandi, S.Si, MM | D73: Non PNS | E73: Analis Kepegawaian | F73: JF-NPNS | G73: 42401 | H73: =VLOOKUP(I73,Sheet1!$A$4:$B$20,2,0) -> Penata Muda Tk.I (Gol. III/b) | I73: III/b | J73: 45200 | L73: =DATEDIF(J73,$A$2,"Y")&" tahun, "&DATEDIF(J73,$A$2,"YM")&" bulan" -> 2 tahun, 9 bulan | M73: Laki-Laki | N73: Ciamis | O73: 29043 | P73: 3273230707790010 | Q73: 591620711422000 | R73: =DATEDIF(O73,$A$2,"Y")&" tahun" -> 47 tahun | S73: =DATEDIF(O73,$A$2,"YM")&" bulan" -> 0 bulan | T73: =DATEDIF(O73,$A$2,"MD")&" hari" -> 22 hari | U73: =DATEDIF(G73,$A$2,"Y")&" tahun, "&DATEDIF(G73,$A$2,"Ym")&" bulan" -> 10 tahun, 5 bulan | V73: =DATE(YEAR(O73)+58,MONTH(O73)+1,1) -> 50253
A74: 71 | B74: 198201062016023001 | C74: Faizal Hamzah, S.T | D74: Non PNS | E74: Teknisi Ahli | F74: JF-NPNS | G74: 42401 | H74: =VLOOKUP(I74,Sheet1!$A$4:$B$20,2,0) -> Penata Muda Tk.I (Gol. III/b) | I74: III/b | J74: 45017 | L74: =DATEDIF(J74,$A$2,"Y")&" tahun, "&DATEDIF(J74,$A$2,"YM")&" bulan" -> 3 tahun, 3 bulan | M74: Laki-Laki | N74: Bandung | O74: 29957 | P74: 3273130601820002 | Q74: 581504586424000 | R74: =DATEDIF(O74,$A$2,"Y")&" tahun" -> 44 tahun | S74: =DATEDIF(O74,$A$2,"YM")&" bulan" -> 6 bulan | T74: =DATEDIF(O74,$A$2,"MD")&" hari" -> 23 hari | U74: =DATEDIF(G74,$A$2,"Y")&" tahun, "&DATEDIF(G74,$A$2,"Ym")&" bulan" -> 10 tahun, 5 bulan | V74: =DATE(YEAR(O74)+58,MONTH(O74)+1,1) -> 51167
A75: 72 | B75: 199305072016024001 | C75: Fensi Amalina, S.Si. | D75: Non PNS | E75: Pranata Laboratorium Pendidikan Ahli Pertama | F75: JFT-NPNS | G75: 42401 | H75: =VLOOKUP(I75,Sheet1!$A$4:$B$20,2,0) -> Penata Muda Tk.I (Gol. III/b) | I75: III/b | J75: 46113 | K75: 5 tahun 7 bulan | L75: =DATEDIF(J75,$A$2,"Y")&" tahun, "&DATEDIF(J75,$A$2,"YM")&" bulan" -> 0 tahun, 3 bulan | M75: Perempuan | N75: Bekasi | O75: 34096 | P75: 3201074705930007 | Q75: 742475221436000 | R75: =DATEDIF(O75,$A$2,"Y")&" tahun" -> 33 tahun | S75: =DATEDIF(O75,$A$2,"YM")&" bulan" -> 2 bulan | T75: =DATEDIF(O75,$A$2,"MD")&" hari" -> 22 hari | U75: =DATEDIF(G75,$A$2,"Y")&" tahun, "&DATEDIF(G75,$A$2,"Ym")&" bulan" -> 10 tahun, 5 bulan | V75: =DATE(YEAR(O75)+58,MONTH(O75)+1,1) -> 55305
A76: 73 | B76: 198307112010122003 | C76: Fitria Utami, A.Md.AK. | D76: PNS | E76: Pranata Laboratorium Pendidikan Mahir | F76: JFT | G76: 40513 | H76: =VLOOKUP(I76,Sheet1!$A$4:$B$20,2,0) -> Penata Muda (Gol. III/a) | I76: III/a | J76: 45627 | K76: 12 tahun 0 bulan | L76: =DATEDIF(J76,$A$2,"Y")&" tahun, "&DATEDIF(J76,$A$2,"YM")&" bulan" -> 1 tahun, 7 bulan | M76: Perempuan | N76: Bandung | O76: 30508 | P76: 1050025107833001 | Q76: 874651367428000 | R76: =DATEDIF(O76,$A$2,"Y")&" tahun" -> 43 tahun | S76: =DATEDIF(O76,$A$2,"YM")&" bulan" -> 0 bulan | T76: =DATEDIF(O76,$A$2,"MD")&" hari" -> 18 hari | U76: =DATEDIF(G76,$A$2,"Y")&" tahun, "&DATEDIF(G76,$A$2,"Ym")&" bulan" -> 15 tahun, 7 bulan | V76: =DATE(YEAR(O76)+58,MONTH(O76)+1,1) -> 51714
A77: 74 | B77: 198908152016023001 | C77: Ganjar Nurjaman | D77: Non PNS | E77: Pengadministrasi Sarana dan Prasarana | F77: JF-NPNS | G77: 42401 | H77: =VLOOKUP(I77,Sheet1!$A$4:$B$20,2,0) -> Pengatur (Gol. II/c) | I77: II/c | J77: 45748 | K77: 12 tahun 0 bulan | L77: =DATEDIF(J77,$A$2,"Y")&" tahun, "&DATEDIF(J77,$A$2,"YM")&" bulan" -> 1 tahun, 3 bulan | M77: Laki-Laki | N77: Sumedang | O77: 32735 | P77: 3211151508890012 | Q77: 667541932446000 | R77: =DATEDIF(O77,$A$2,"Y")&" tahun" -> 36 tahun | S77: =DATEDIF(O77,$A$2,"YM")&" bulan" -> 11 bulan | T77: =DATEDIF(O77,$A$2,"MD")&" hari" -> 14 hari | U77: =DATEDIF(G77,$A$2,"Y")&" tahun, "&DATEDIF(G77,$A$2,"Ym")&" bulan" -> 10 tahun, 5 bulan | V77: =DATE(YEAR(O77)+58,MONTH(O77)+1,1) -> 53936
A78: 75 | B78: 197802122008102001 | C78: Grahni Ahdiani Mintarsih, A.Md | D78: PNS | E78: Pengolah Data Akademik | F78: JF | G78: 39722 | H78: =VLOOKUP(I78,Sheet1!$A$4:$B$20,2,0) -> Penata (Gol. III/c) | I78: III/c | J78: 45566 | L78: =DATEDIF(J78,$A$2,"Y")&" tahun, "&DATEDIF(J78,$A$2,"YM")&" bulan" -> 1 tahun, 9 bulan | M78: Perempuan | N78: Pandeglang | O78: 28533 | P78: 3273015202780002 | Q78: 349250829428000 | R78: =DATEDIF(O78,$A$2,"Y")&" tahun" -> 48 tahun | S78: =DATEDIF(O78,$A$2,"YM")&" bulan" -> 5 bulan | T78: =DATEDIF(O78,$A$2,"MD")&" hari" -> 17 hari | U78: =DATEDIF(G78,$A$2,"Y")&" tahun, "&DATEDIF(G78,$A$2,"Ym")&" bulan" -> 17 tahun, 9 bulan | V78: =DATE(YEAR(O78)+58,MONTH(O78)+1,1) -> 49735
A79: 76 | B79: 198108022014091001 | C79: Guntur Palesa | D79: PNS | E79: Pengadministrasi Kepegawaian | F79: JF | G79: 41883 | H79: =VLOOKUP(I79,Sheet1!$A$4:$B$20,2,0) -> Pengatur (Gol. II/c) | I79: II/c | J79: 44835 | L79: =DATEDIF(J79,$A$2,"Y")&" tahun, "&DATEDIF(J79,$A$2,"YM")&" bulan" -> 3 tahun, 9 bulan | M79: Laki-Laki | N79: Sumedang | O79: 29800 | P79: 3211110208810005 | Q79: 358436723446000 | R79: =DATEDIF(O79,$A$2,"Y")&" tahun" -> 44 tahun | S79: =DATEDIF(O79,$A$2,"YM")&" bulan" -> 11 bulan | T79: =DATEDIF(O79,$A$2,"MD")&" hari" -> 27 hari | U79: =DATEDIF(G79,$A$2,"Y")&" tahun, "&DATEDIF(G79,$A$2,"Ym")&" bulan" -> 11 tahun, 10 bulan | V79: =DATE(YEAR(O79)+58,MONTH(O79)+1,1) -> 51014
A80: 77 | B80: 197201062008101001 | C80: Hariyanto Purnomo | D80: PNS | E80: Arsiparis Terampil | F80: JF | G80: 39722 | H80: =VLOOKUP(I80,Sheet1!$A$4:$B$20,2,0) -> Pengatur Tk. I (Gol. II/d) | I80: II/d | J80: 46174 | K80: 21 tahun 10 bulan | L80: =DATEDIF(J80,$A$2,"Y")&" tahun, "&DATEDIF(J80,$A$2,"YM")&" bulan" -> 0 tahun, 1 bulan | M80: Laki-Laki | N80: Bandung | O80: 26304 | P80: 3273070601720016 | Q80: 349352690428000 | R80: =DATEDIF(O80,$A$2,"Y")&" tahun" -> 54 tahun | S80: =DATEDIF(O80,$A$2,"YM")&" bulan" -> 6 bulan | T80: =DATEDIF(O80,$A$2,"MD")&" hari" -> 23 hari | U80: =DATEDIF(G80,$A$2,"Y")&" tahun, "&DATEDIF(G80,$A$2,"Ym")&" bulan" -> 17 tahun, 9 bulan | V80: =DATE(YEAR(O80)+58,MONTH(O80)+1,1) -> 47515
A81: 78 | B81: 198706052016023001 | C81: Harold Eka Atmaja, S.Si, M.Si | D81: Non PNS | E81: Koordinator Riset dan Kerjasama | F81: JFT-NPNS | G81: 42401 | H81: =VLOOKUP(I81,Sheet1!$A$4:$B$20,2,0) -> Penata Muda Tk.I (Gol. III/b) | I81: III/b | J81: 45931 | L81: =DATEDIF(J81,$A$2,"Y")&" tahun, "&DATEDIF(J81,$A$2,"YM")&" bulan" -> 0 tahun, 9 bulan | M81: Laki-Laki | N81: Jayapura | O81: 31933 | P81: 3204050506870021 | Q81: 788797223444000 | R81: =DATEDIF(O81,$A$2,"Y")&" tahun" -> 39 tahun | S81: =DATEDIF(O81,$A$2,"YM")&" bulan" -> 1 bulan | T81: =DATEDIF(O81,$A$2,"MD")&" hari" -> 24 hari | U81: =DATEDIF(G81,$A$2,"Y")&" tahun, "&DATEDIF(G81,$A$2,"Ym")&" bulan" -> 10 tahun, 5 bulan | V81: =DATE(YEAR(O81)+58,MONTH(O81)+1,1) -> 53144
A82: 79 | B82: 197503251999032001 | C82: Helmi Hamimah, S.Si | D82: PNS | E82: Pranata Laboratorium Pendidikan Ahli Muda | F82: JFT | G82: 36220 | H82: =VLOOKUP(I82,Sheet1!$A$4:$B$20,2,0) -> Penata Tk.I (Gol. III/d) | I82: III/d | J82: 44835 | L82: =DATEDIF(J82,$A$2,"Y")&" tahun, "&DATEDIF(J82,$A$2,"YM")&" bulan" -> 3 tahun, 9 bulan | M82: Perempuan | N82: Garut | O82: 27478 | P82: 3273256503750002 | Q82: 349515015429000 | R82: =DATEDIF(O82,$A$2,"Y")&" tahun" -> 51 tahun | S82: =DATEDIF(O82,$A$2,"YM")&" bulan" -> 4 bulan | T82: =DATEDIF(O82,$A$2,"MD")&" hari" -> 4 hari | U82: =DATEDIF(G82,$A$2,"Y")&" tahun, "&DATEDIF(G82,$A$2,"Ym")&" bulan" -> 27 tahun, 4 bulan | V82: =DATE(YEAR(O82)+58,MONTH(O82)+1,1) -> 48670
A83: 80 | B83: 198204062016023001 | C83: Hendrayana, S.Sos | D83: Non PNS | E83: Pengolah Data Akademik | F83: JF-NPNS | G83: 42401 | H83: =VLOOKUP(I83,Sheet1!$A$4:$B$20,2,0) -> Penata Muda Tk.I (Gol. III/b) | I83: III/b | J83: 44835 | L83: =DATEDIF(J83,$A$2,"Y")&" tahun, "&DATEDIF(J83,$A$2,"YM")&" bulan" -> 3 tahun, 9 bulan | M83: Laki-Laki | N83: Bandung | O83: 30047 | P83: 3273140604820002 | Q83: 358390672423000 | R83: =DATEDIF(O83,$A$2,"Y")&" tahun" -> 44 tahun | S83: =DATEDIF(O83,$A$2,"YM")&" bulan" -> 3 bulan | T83: =DATEDIF(O83,$A$2,"MD")&" hari" -> 23 hari | U83: =DATEDIF(G83,$A$2,"Y")&" tahun, "&DATEDIF(G83,$A$2,"Ym")&" bulan" -> 10 tahun, 5 bulan | V83: =DATE(YEAR(O83)+58,MONTH(O83)+1,1) -> 51257
A84: 81 | B84: 198411132016023001 | C84: Hermawan | D84: Non PNS | E84: Teknisi Pelaksana | F84: JF-NPNS | G84: 42401 | H84: =VLOOKUP(I84,Sheet1!$A$4:$B$20,2,0) -> Pengatur Muda (Gol. II/a) | I84: II/a | J84: 43344 | L84: =DATEDIF(J84,$A$2,"Y")&" tahun, "&DATEDIF(J84,$A$2,"YM")&" bulan" -> 7 tahun, 10 bulan | M84: Laki-Laki | N84: Bandung | O84: 30999 | P84: 3273071311840001 | Q84: 547405712428000 | R84: =DATEDIF(O84,$A$2,"Y")&" tahun" -> 41 tahun | S84: =DATEDIF(O84,$A$2,"YM")&" bulan" -> 8 bulan | T84: =DATEDIF(O84,$A$2,"MD")&" hari" -> 16 hari | U84: =DATEDIF(G84,$A$2,"Y")&" tahun, "&DATEDIF(G84,$A$2,"Ym")&" bulan" -> 10 tahun, 5 bulan | V84: =DATE(YEAR(O84)+58,MONTH(O84)+1,1) -> 52201
A85: 82 | B85: 197102142008101001 | C85: Hery Hamdani, S.Pd | D85: PNS | E85: Teknisi Ahli | F85: JF | G85: 39722 | H85: =VLOOKUP(I85,Sheet1!$A$4:$B$20,2,0) -> Penata Tk.I (Gol. III/d) | I85: III/d | J85: 44105 | L85: =DATEDIF(J85,$A$2,"Y")&" tahun, "&DATEDIF(J85,$A$2,"YM")&" bulan" -> 5 tahun, 9 bulan | M85: Laki-Laki | N85: Bandung | O85: 25978 | P85: 3273071402710005 | Q85: 265181883428000 | R85: =DATEDIF(O85,$A$2,"Y")&" tahun" -> 55 tahun | S85: =DATEDIF(O85,$A$2,"YM")&" bulan" -> 5 bulan | T85: =DATEDIF(O85,$A$2,"MD")&" hari" -> 15 hari | U85: =DATEDIF(G85,$A$2,"Y")&" tahun, "&DATEDIF(G85,$A$2,"Ym")&" bulan" -> 17 tahun, 9 bulan | V85: =DATE(YEAR(O85)+58,MONTH(O85)+1,1) -> 47178
A86: 83 | B86: 197012102014091002 | C86: Hery Karya Pamungkas | D86: PNS | E86: Analis Pengadaan Barang dan Jasa | F86: JF | G86: 41883 | H86: =VLOOKUP(I86,Sheet1!$A$4:$B$20,2,0) -> Pengatur (Gol. II/c) | I86: II/c | J86: 44835 | L86: =DATEDIF(J86,$A$2,"Y")&" tahun, "&DATEDIF(J86,$A$2,"YM")&" bulan" -> 3 tahun, 9 bulan | M86: Laki-Laki | N86: Bandung | O86: 25912 | P86: 3273241012700005 | Q86: 344399134429000 | R86: =DATEDIF(O86,$A$2,"Y")&" tahun" -> 55 tahun | S86: =DATEDIF(O86,$A$2,"YM")&" bulan" -> 7 bulan | T86: =DATEDIF(O86,$A$2,"MD")&" hari" -> 19 hari | U86: =DATEDIF(G86,$A$2,"Y")&" tahun, "&DATEDIF(G86,$A$2,"Ym")&" bulan" -> 11 tahun, 10 bulan | V86: =DATE(YEAR(O86)+58,MONTH(O86)+1,1) -> 47119
A87: 84 | B87: 198205102008101001 | C87: Ihat | D87: PNS | E87: Pengadministrasi Akademik | F87: JF | G87: 39722 | H87: =VLOOKUP(I87,Sheet1!$A$4:$B$20,2,0) -> Pengatur (Gol. II/c) | I87: II/c | J87: 45200 | L87: =DATEDIF(J87,$A$2,"Y")&" tahun, "&DATEDIF(J87,$A$2,"YM")&" bulan" -> 2 tahun, 9 bulan | M87: Laki-Laki | N87: Bandung | O87: 30081 | P87: 3211111005820007 | Q87: 349258780446000 | R87: =DATEDIF(O87,$A$2,"Y")&" tahun" -> 44 tahun | S87: =DATEDIF(O87,$A$2,"YM")&" bulan" -> 2 bulan | T87: =DATEDIF(O87,$A$2,"MD")&" hari" -> 19 hari | U87: =DATEDIF(G87,$A$2,"Y")&" tahun, "&DATEDIF(G87,$A$2,"Ym")&" bulan" -> 17 tahun, 9 bulan | V87: =DATE(YEAR(O87)+58,MONTH(O87)+1,1) -> 51288
A88: 85 | B88: 197912112009101001 | C88: Iip Saripudin | D88: PNS | E88: Pengadministrasi Akademik | F88: JF | G88: 40087 | H88: =VLOOKUP(I88,Sheet1!$A$4:$B$20,2,0) -> Pengatur Tk. I (Gol. II/d) | I88: II/d | J88: 45017 | L88: =DATEDIF(J88,$A$2,"Y")&" tahun, "&DATEDIF(J88,$A$2,"YM")&" bulan" -> 3 tahun, 3 bulan | M88: Laki-Laki | N88: Bandung | O88: 29200 | P88: 3204061112790013 | Q88: 586241556421000 | R88: =DATEDIF(O88,$A$2,"Y")&" tahun" -> 46 tahun | S88: =DATEDIF(O88,$A$2,"YM")&" bulan" -> 7 bulan | T88: =DATEDIF(O88,$A$2,"MD")&" hari" -> 18 hari | U88: =DATEDIF(G88,$A$2,"Y")&" tahun, "&DATEDIF(G88,$A$2,"Ym")&" bulan" -> 16 tahun, 9 bulan | V88: =DATE(YEAR(O88)+58,MONTH(O88)+1,1) -> 50406
A89: 86 | B89: 198404272014091001 | C89: Iman Kurniawan | D89: PNS | E89: Pengadministrasi Umum | F89: JF | G89: 41883 | H89: =VLOOKUP(I89,Sheet1!$A$4:$B$20,2,0) -> Pengatur Muda (Gol. II/a) | I89: II/a | J89: 45017 | L89: =DATEDIF(J89,$A$2,"Y")&" tahun, "&DATEDIF(J89,$A$2,"YM")&" bulan" -> 3 tahun, 3 bulan | M89: Laki-Laki | N89: Sumedang | O89: 30799 | P89: 3211152704840022 | Q89: 358375673446000 | R89: =DATEDIF(O89,$A$2,"Y")&" tahun" -> 42 tahun | S89: =DATEDIF(O89,$A$2,"YM")&" bulan" -> 3 bulan | T89: =DATEDIF(O89,$A$2,"MD")&" hari" -> 2 hari | U89: =DATEDIF(G89,$A$2,"Y")&" tahun, "&DATEDIF(G89,$A$2,"Ym")&" bulan" -> 11 tahun, 10 bulan | V89: =DATE(YEAR(O89)+58,MONTH(O89)+1,1) -> 51987
A90: 87 | B90: 198102232009101001 | C90: Iman Supriatna | D90: PNS | E90: Pengadministrasi Kepegawaian | F90: JF | G90: 40087 | H90: =VLOOKUP(I90,Sheet1!$A$4:$B$20,2,0) -> Penata Muda Tk.I (Gol. III/b) | I90: III/b | J90: 46054 | K90: 19 tahun 0 bulan | L90: =DATEDIF(J90,$A$2,"Y")&" tahun, "&DATEDIF(J90,$A$2,"YM")&" bulan" -> 0 tahun, 5 bulan | M90: Laki-Laki | N90: Bandung | O90: 29640 | P90: 3204052302810001 | Q90: 349342782423000 | R90: =DATEDIF(O90,$A$2,"Y")&" tahun" -> 45 tahun | S90: =DATEDIF(O90,$A$2,"YM")&" bulan" -> 5 bulan | T90: =DATEDIF(O90,$A$2,"MD")&" hari" -> 6 hari | U90: =DATEDIF(G90,$A$2,"Y")&" tahun, "&DATEDIF(G90,$A$2,"Ym")&" bulan" -> 16 tahun, 9 bulan | V90: =DATE(YEAR(O90)+58,MONTH(O90)+1,1) -> 50830
A91: 88 | B91: 197402132008102001 | C91: Imas Kuraesin, SE | D91: PNS | E91: Pengadministrasi Kepegawaian | F91: JF | G91: 39722 | H91: =VLOOKUP(I91,Sheet1!$A$4:$B$20,2,0) -> Penata Muda Tk.I (Gol. III/b) | I91: III/b | J91: 45017 | L91: =DATEDIF(J91,$A$2,"Y")&" tahun, "&DATEDIF(J91,$A$2,"YM")&" bulan" -> 3 tahun, 3 bulan | M91: Perempuan | N91: Bandung | O91: 27073 | P91: 3217095302740004 | Q91: 349287920421000 | R91: =DATEDIF(O91,$A$2,"Y")&" tahun" -> 52 tahun | S91: =DATEDIF(O91,$A$2,"YM")&" bulan" -> 5 bulan | T91: =DATEDIF(O91,$A$2,"MD")&" hari" -> 16 hari | U91: =DATEDIF(G91,$A$2,"Y")&" tahun, "&DATEDIF(G91,$A$2,"Ym")&" bulan" -> 17 tahun, 9 bulan | V91: =DATE(YEAR(O91)+58,MONTH(O91)+1,1) -> 48274
A92: 89 | B92: 197904052009102001 | C92: Imelda, SE | D92: PNS | E92: Pengelola Kepegawaian | F92: JF | G92: 40087 | H92: =VLOOKUP(I92,Sheet1!$A$4:$B$20,2,0) -> Penata (Gol. III/c) | I92: III/c | J92: 45200 | L92: =DATEDIF(J92,$A$2,"Y")&" tahun, "&DATEDIF(J92,$A$2,"YM")&" bulan" -> 2 tahun, 9 bulan | M92: Perempuan | N92: Jakarta | O92: 28950 | P92: 3277014504790001 | Q92: 586241556421000 | R92: =DATEDIF(O92,$A$2,"Y")&" tahun" -> 47 tahun | S92: =DATEDIF(O92,$A$2,"YM")&" bulan" -> 3 bulan | T92: =DATEDIF(O92,$A$2,"MD")&" hari" -> 24 hari | U92: =DATEDIF(G92,$A$2,"Y")&" tahun, "&DATEDIF(G92,$A$2,"Ym")&" bulan" -> 16 tahun, 9 bulan | V92: =DATE(YEAR(O92)+58,MONTH(O92)+1,1) -> 50161
A93: 90 | B93: 197811162016024001 | C93: Ina Maryana, SE | D93: Non PNS | E93: Analis Kepegawaian | F93: JF-NPNS | G93: 42401 | H93: =VLOOKUP(I93,Sheet1!$A$4:$B$20,2,0) -> Penata Muda Tk.I (Gol. III/b) | I93: III/b | J93: 44835 | L93: =DATEDIF(J93,$A$2,"Y")&" tahun, "&DATEDIF(J93,$A$2,"YM")&" bulan" -> 3 tahun, 9 bulan | M93: Perempuan | N93: Bandung | O93: 28810 | P93: 3273065611780003 | Q93: 358479731428000 | R93: =DATEDIF(O93,$A$2,"Y")&" tahun" -> 47 tahun | S93: =DATEDIF(O93,$A$2,"YM")&" bulan" -> 8 bulan | T93: =DATEDIF(O93,$A$2,"MD")&" hari" -> 13 hari | U93: =DATEDIF(G93,$A$2,"Y")&" tahun, "&DATEDIF(G93,$A$2,"Ym")&" bulan" -> 10 tahun, 5 bulan | V93: =DATE(YEAR(O93)+58,MONTH(O93)+1,1) -> 50010
A94: 91 | B94: 197510271999032002 | C94: Inayah, SKM | D94: PNS | E94: Pranata Laboratorium Pendidikan Ahli Muda | F94: JFT | G94: 36220 | H94: =VLOOKUP(I94,Sheet1!$A$4:$B$20,2,0) -> Pembina (Gol. IV/a) | I94: IV/a | J94: 45200 | L94: =DATEDIF(J94,$A$2,"Y")&" tahun, "&DATEDIF(J94,$A$2,"YM")&" bulan" -> 2 tahun, 9 bulan | M94: Perempuan | N94: Banyuwangi | O94: 27694 | P94: 3204286710750006 | Q94: 570106054421000 | R94: =DATEDIF(O94,$A$2,"Y")&" tahun" -> 50 tahun | S94: =DATEDIF(O94,$A$2,"YM")&" bulan" -> 9 bulan | T94: =DATEDIF(O94,$A$2,"MD")&" hari" -> 2 hari | U94: =DATEDIF(G94,$A$2,"Y")&" tahun, "&DATEDIF(G94,$A$2,"Ym")&" bulan" -> 27 tahun, 4 bulan | V94: =DATE(YEAR(O94)+60,MONTH(O94)+1,1) -> 49614
A95: 92 | B95: 197707112009102002 | C95: Ipah Sariningrum, S.AP | D95: PNS | E95: Pengadministrasi Kepegawaian | F95: JF | G95: 40087 | H95: =VLOOKUP(I95,Sheet1!$A$4:$B$20,2,0) -> Penata Muda Tk.I (Gol. III/b) | I95: III/b | J95: 45017 | L95: =DATEDIF(J95,$A$2,"Y")&" tahun, "&DATEDIF(J95,$A$2,"YM")&" bulan" -> 3 tahun, 3 bulan | M95: Perempuan | N95: Bandung | O95: 28317 | P95: 3273025107770013 | Q95: 348879099423000 | R95: =DATEDIF(O95,$A$2,"Y")&" tahun" -> 49 tahun | S95: =DATEDIF(O95,$A$2,"YM")&" bulan" -> 0 bulan | T95: =DATEDIF(O95,$A$2,"MD")&" hari" -> 18 hari | U95: =DATEDIF(G95,$A$2,"Y")&" tahun, "&DATEDIF(G95,$A$2,"Ym")&" bulan" -> 16 tahun, 9 bulan | V95: =DATE(YEAR(O95)+58,MONTH(O95)+1,1) -> 49522
A96: 93 | B96: 197303312009101001 | C96: Irfan Anis Ahmad | D96: PNS | E96: Teknisi Pelaksana | F96: JF | G96: 40087 | H96: =VLOOKUP(I96,Sheet1!$A$4:$B$20,2,0) -> Penata Muda (Gol. III/a) | I96: III/a | J96: 45931 | K96: 21 tahun 5 bulan | L96: =DATEDIF(J96,$A$2,"Y")&" tahun, "&DATEDIF(J96,$A$2,"YM")&" bulan" -> 0 tahun, 9 bulan | M96: Laki-Laki | N96: Bandung | O96: 26754 | P96: 3277013103730007 | Q96: 353420441421000 | R96: =DATEDIF(O96,$A$2,"Y")&" tahun" -> 53 tahun | S96: =DATEDIF(O96,$A$2,"YM")&" bulan" -> 3 bulan | T96: =DATEDIF(O96,$A$2,"MD")&" hari" -> 28 hari | U96: =DATEDIF(G96,$A$2,"Y")&" tahun, "&DATEDIF(G96,$A$2,"Ym")&" bulan" -> 16 tahun, 9 bulan | V96: =DATE(YEAR(O96)+58,MONTH(O96)+1,1) -> 47939
A97: 94 | B97: 198411282014091001 | C97: Irvan Nursistawan, S.Kom | D97: PNS | E97: Koordinator SDM, Tata Kelola dan Record Centre | F97: JF | G97: 41883 | H97: =VLOOKUP(I97,Sheet1!$A$4:$B$20,2,0) -> Pengatur (Gol. II/c) | I97: II/c | J97: 45383 | K97: 19 tahun 8 bulan | L97: =DATEDIF(J97,$A$2,"Y")&" tahun, "&DATEDIF(J97,$A$2,"YM")&" bulan" -> 2 tahun, 3 bulan | M97: Laki-Laki | N97: Bandung | O97: 31014 | P97: 3204102811840001 | Q97: 266168210445000 | R97: =DATEDIF(O97,$A$2,"Y")&" tahun" -> 41 tahun | S97: =DATEDIF(O97,$A$2,"YM")&" bulan" -> 8 bulan | T97: =DATEDIF(O97,$A$2,"MD")&" hari" -> 1 hari | U97: =DATEDIF(G97,$A$2,"Y")&" tahun, "&DATEDIF(G97,$A$2,"Ym")&" bulan" -> 11 tahun, 10 bulan | V97: =DATE(YEAR(O97)+58,MONTH(O97)+1,1) -> 52201
A98: 95 | B98: 198208292014091004 | C98: Iryuda Prawira Utama, S.Si | D98: PNS | E98: Pengelola Kepegawaian | F98: JF | G98: 41883 | H98: =VLOOKUP(I98,Sheet1!$A$4:$B$20,2,0) -> Penata Muda Tk.I (Gol. III/b) | I98: III/b | J98: 44835 | L98: =DATEDIF(J98,$A$2,"Y")&" tahun, "&DATEDIF(J98,$A$2,"YM")&" bulan" -> 3 tahun, 9 bulan | M98: Laki-Laki | N98: Bandung | O98: 30192 | P98: 3204122908820005 | Q98: 351530266445000 | R98: =DATEDIF(O98,$A$2,"Y")&" tahun" -> 43 tahun | S98: =DATEDIF(O98,$A$2,"YM")&" bulan" -> 11 bulan | T98: =DATEDIF(O98,$A$2,"MD")&" hari" -> 0 hari | U98: =DATEDIF(G98,$A$2,"Y")&" tahun, "&DATEDIF(G98,$A$2,"Ym")&" bulan" -> 11 tahun, 10 bulan | V98: =DATE(YEAR(O98)+58,MONTH(O98)+1,1) -> 51380
A99: 96 | B99: 197605022000032002 | C99: Isabela Saribanon Martadiredja, A.Md. | D99: PNS | E99: Arsiparis Penyelia | F99: JFT | G99: 36586 | H99: =VLOOKUP(I99,Sheet1!$A$4:$B$20,2,0) -> Penata Tk.I (Gol. III/d) | I99: III/d | J99: 44835 | L99: =DATEDIF(J99,$A$2,"Y")&" tahun, "&DATEDIF(J99,$A$2,"YM")&" bulan" -> 3 tahun, 9 bulan | M99: Perempuan | N99: Subang | O99: 27882 | P99: 3204064205760001 | Q99: 260921119444001 | R99: =DATEDIF(O99,$A$2,"Y")&" tahun" -> 50 tahun | S99: =DATEDIF(O99,$A$2,"YM")&" bulan" -> 2 bulan | T99: =DATEDIF(O99,$A$2,"MD")&" hari" -> 27 hari | U99: =DATEDIF(G99,$A$2,"Y")&" tahun, "&DATEDIF(G99,$A$2,"Ym")&" bulan" -> 26 tahun, 4 bulan | V99: =DATE(YEAR(O99)+58,MONTH(O99)+1,1) -> 49096
A100: 97 | B100: 196810012019063001 | C100: Isak Apendi | D100: Non PNS | E100: Pramu | F100: JF-NPNS | G100: 43617 | H100: =VLOOKUP(I100,Sheet1!$A$4:$B$20,2,0) -> Pengatur Muda Tk. I (Gol. II/b) | I100: II/b | J100: 45748 | K100: 5 tahun 10 bulan | L100: =DATEDIF(J100,$A$2,"Y")&" tahun, "&DATEDIF(J100,$A$2,"YM")&" bulan" -> 1 tahun, 3 bulan | M100: Laki-Laki | N100: Cimahi | O100: 25112 | P100: 3273180110680007 | Q100: 358441632423000 | R100: =DATEDIF(O100,$A$2,"Y")&" tahun" -> 57 tahun | S100: =DATEDIF(O100,$A$2,"YM")&" bulan" -> 9 bulan | T100: =DATEDIF(O100,$A$2,"MD")&" hari" -> 28 hari | U100: =DATEDIF(G100,$A$2,"Y")&" tahun, "&DATEDIF(G100,$A$2,"Ym")&" bulan" -> 7 tahun, 1 bulan | V100: =DATE(YEAR(O100)+58,MONTH(O100)+1,1) -> 46327
...

Sheet Sheet1
A1: PANGKAT DAN GOLONGAN
A3: GOL. | B3: PANGKAT | C3: JABATAN
A4: I/a | B4: Juru Muda | C4: -
A5: I/b | B5: Juru Muda Tk. I | C5: -
A6: I/c | B6: Juru (Gol. I/c) | C6: -
A7: I/d | B7: Juru Tk. I (Gol. I/d) | C7: -
A8: II/a | B8: Pengatur Muda (Gol. II/a) | C8: -
A9: II/b | B9: Pengatur Muda Tk. I (Gol. II/b) | C9: -
A10: II/c | B10: Pengatur (Gol. II/c) | C10: -
A11: II/d | B11: Pengatur Tk. I (Gol. II/d) | C11: -
A12: III/a | B12: Penata Muda (Gol. III/a) | C12: Asisten Ahli
A13: III/b | B13: Penata Muda Tk.I (Gol. III/b)
A14: III/c | B14: Penata (Gol. III/c) | C14: Lektor
A15: III/d | B15: Penata Tk.I (Gol. III/d)
A16: IV/a | B16: Pembina (Gol. IV/a) | C16: Lektor Kepala
A17: IV/b | B17: Pembina Tk.I (Gol. IV/b)
A18: IV/c | B18: Pembina Utama Muda (Gol. IV/c)
A19: IV/d | B19: Pembina Utama Madya (Gol. IV/d) | C19: Guru Besar
A20: IV/e | B20: Pembina Utama (Gol. IV/e)
